[2026-01-12T07:52:30.173+01:00 Europe/Madrid] [INFO] Dispositivos encontrados: samael
[2026-01-12T07:52:30.173+01:00 Europe/Madrid] [INFO] Autenticación exitosa con dispositivo: Samael (52d889ac1fa3f0e7b37ce2e1dbd86650)
[2026-01-12T07:52:30.173+01:00 Europe/Madrid] [INFO] Getting downloads from LinkGrabber and DownloadController...
[2026-01-12T07:52:30.173+01:00 Europe/Madrid] [INFO] [MyJD] Querying /linkgrabberv2/queryPackages...
[2026-01-12T07:52:30.174+01:00 Europe/Madrid] [INFO] [MyJD] Querying /downloadsV2/queryPackages...
[2026-01-12T07:52:30.285+01:00 Europe/Madrid] [INFO] decryptAES: Starting decryption
[2026-01-12T07:52:30.286+01:00 Europe/Madrid] [INFO] decryptAES: Encrypted string length: 64
[2026-01-12T07:52:30.286+01:00 Europe/Madrid] [INFO] decryptAES: Secret type: object
[2026-01-12T07:52:30.286+01:00 Europe/Madrid] [INFO] decryptAES: Secret has words: true
[2026-01-12T07:52:30.286+01:00 Europe/Madrid] [INFO] decryptAES: IV (hex): 5bdd2872a073c9ab...
[2026-01-12T07:52:30.286+01:00 Europe/Madrid] [INFO] decryptAES: Key (hex): b066647cdfed6d74...
[2026-01-12T07:52:30.286+01:00 Europe/Madrid] [INFO] decryptAES: AES.decrypt completed
[2026-01-12T07:52:30.286+01:00 Europe/Madrid] [INFO] decryptAES: Decrypted text length: 32
[2026-01-12T07:52:30.287+01:00 Europe/Madrid] [INFO] decryptAES: Decrypted text (first 50): {"data" :[],"rid":1768200750173}
[2026-01-12T07:52:30.287+01:00 Europe/Madrid] [INFO] decryptAES: JSON parsed successfully
[2026-01-12T07:52:30.287+01:00 Europe/Madrid] [INFO] [MyJD] Found 0 packages in /linkgrabberv2/queryPackages
[2026-01-12T07:52:30.358+01:00 Europe/Madrid] [INFO] decryptAES: Starting decryption
[2026-01-12T07:52:30.358+01:00 Europe/Madrid] [INFO] decryptAES: Encrypted string length: 1280
[2026-01-12T07:52:30.358+01:00 Europe/Madrid] [INFO] decryptAES: Secret type: object
[2026-01-12T07:52:30.358+01:00 Europe/Madrid] [INFO] decryptAES: Secret has words: true
[2026-01-12T07:52:30.358+01:00 Europe/Madrid] [INFO] decryptAES: IV (hex): 5bdd2872a073c9ab...
[2026-01-12T07:52:30.358+01:00 Europe/Madrid] [INFO] decryptAES: Key (hex): b066647cdfed6d74...
[2026-01-12T07:52:30.358+01:00 Europe/Madrid] [INFO] decryptAES: AES.decrypt completed
[2026-01-12T07:52:30.358+01:00 Europe/Madrid] [INFO] decryptAES: Decrypted text length: 953
[2026-01-12T07:52:30.358+01:00 Europe/Madrid] [INFO] decryptAES: Decrypted text (first 50): {"data" :[{"saveTo":"/output/Breaking bad x265 216
[2026-01-12T07:52:30.359+01:00 Europe/Madrid] [INFO] decryptAES: JSON parsed successfully
[2026-01-12T07:52:30.359+01:00 Europe/Madrid] [INFO] [MyJD] Found 7 packages in /downloadsV2/queryPackages
[2026-01-12T07:52:30.359+01:00 Europe/Madrid] [INFO] Found 0 LinkGrabber packages and 7 Download packages
[2026-01-12T07:52:30.543+01:00 Europe/Madrid] [INFO] decryptAES: Starting decryption
[2026-01-12T07:52:30.543+01:00 Europe/Madrid] [INFO] decryptAES: Encrypted string length: 5888
[2026-01-12T07:52:30.543+01:00 Europe/Madrid] [INFO] decryptAES: Secret type: object
[2026-01-12T07:52:30.543+01:00 Europe/Madrid] [INFO] decryptAES: Secret has words: true
[2026-01-12T07:52:30.543+01:00 Europe/Madrid] [INFO] decryptAES: IV (hex): 5bdd2872a073c9ab...
[2026-01-12T07:52:30.543+01:00 Europe/Madrid] [INFO] decryptAES: Key (hex): b066647cdfed6d74...
[2026-01-12T07:52:30.544+01:00 Europe/Madrid] [INFO] decryptAES: AES.decrypt completed
[2026-01-12T07:52:30.544+01:00 Europe/Madrid] [INFO] decryptAES: Decrypted text length: 4409
[2026-01-12T07:52:30.544+01:00 Europe/Madrid] [INFO] decryptAES: Decrypted text (first 50): {"data" :[{"addedDate":1768064363100,"statusIconKe
[2026-01-12T07:52:30.544+01:00 Europe/Madrid] [INFO] decryptAES: JSON parsed successfully
[2026-01-12T07:52:30.652+01:00 Europe/Madrid] [INFO] decryptAES: Starting decryption
[2026-01-12T07:52:30.652+01:00 Europe/Madrid] [INFO] decryptAES: Encrypted string length: 1900
[2026-01-12T07:52:30.652+01:00 Europe/Madrid] [INFO] decryptAES: Secret type: object
[2026-01-12T07:52:30.652+01:00 Europe/Madrid] [INFO] decryptAES: Secret has words: true
[2026-01-12T07:52:30.652+01:00 Europe/Madrid] [INFO] decryptAES: IV (hex): 5bdd2872a073c9ab...
[2026-01-12T07:52:30.652+01:00 Europe/Madrid] [INFO] decryptAES: Key (hex): b066647cdfed6d74...
[2026-01-12T07:52:30.652+01:00 Europe/Madrid] [INFO] decryptAES: AES.decrypt completed
[2026-01-12T07:52:30.652+01:00 Europe/Madrid] [INFO] decryptAES: Decrypted text length: 1409
[2026-01-12T07:52:30.653+01:00 Europe/Madrid] [INFO] decryptAES: Decrypted text (first 50): {"data" :[{"addedDate":1768064363100,"statusIconKe
[2026-01-12T07:52:30.653+01:00 Europe/Madrid] [INFO] decryptAES: JSON parsed successfully
[2026-01-12T07:52:30.760+01:00 Europe/Madrid] [INFO] decryptAES: Starting decryption
[2026-01-12T07:52:30.761+01:00 Europe/Madrid] [INFO] decryptAES: Encrypted string length: 960
[2026-01-12T07:52:30.761+01:00 Europe/Madrid] [INFO] decryptAES: Secret type: object
[2026-01-12T07:52:30.761+01:00 Europe/Madrid] [INFO] decryptAES: Secret has words: true
[2026-01-12T07:52:30.761+01:00 Europe/Madrid] [INFO] decryptAES: IV (hex): 5bdd2872a073c9ab...
[2026-01-12T07:52:30.761+01:00 Europe/Madrid] [INFO] decryptAES: Key (hex): b066647cdfed6d74...
[2026-01-12T07:52:30.761+01:00 Europe/Madrid] [INFO] decryptAES: AES.decrypt completed
[2026-01-12T07:52:30.761+01:00 Europe/Madrid] [INFO] decryptAES: Decrypted text length: 705
[2026-01-12T07:52:30.761+01:00 Europe/Madrid] [INFO] decryptAES: Decrypted text (first 50): {"data" :[{"addedDate":1768064363100,"statusIconKe
[2026-01-12T07:52:30.762+01:00 Europe/Madrid] [INFO] decryptAES: JSON parsed successfully
[2026-01-12T07:52:30.857+01:00 Europe/Madrid] [INFO] decryptAES: Starting decryption
[2026-01-12T07:52:30.857+01:00 Europe/Madrid] [INFO] decryptAES: Encrypted string length: 960
[2026-01-12T07:52:30.857+01:00 Europe/Madrid] [INFO] decryptAES: Secret type: object
[2026-01-12T07:52:30.857+01:00 Europe/Madrid] [INFO] decryptAES: Secret has words: true
[2026-01-12T07:52:30.857+01:00 Europe/Madrid] [INFO] decryptAES: IV (hex): 5bdd2872a073c9ab...
[2026-01-12T07:52:30.858+01:00 Europe/Madrid] [INFO] decryptAES: Key (hex): b066647cdfed6d74...
[2026-01-12T07:52:30.858+01:00 Europe/Madrid] [INFO] decryptAES: AES.decrypt completed
[2026-01-12T07:52:30.858+01:00 Europe/Madrid] [INFO] decryptAES: Decrypted text length: 705
[2026-01-12T07:52:30.858+01:00 Europe/Madrid] [INFO] decryptAES: Decrypted text (first 50): {"data" :[{"addedDate":1768064363100,"statusIconKe
[2026-01-12T07:52:30.858+01:00 Europe/Madrid] [INFO] decryptAES: JSON parsed successfully
[2026-01-12T07:52:30.950+01:00 Europe/Madrid] [INFO] decryptAES: Starting decryption
[2026-01-12T07:52:30.951+01:00 Europe/Madrid] [INFO] decryptAES: Encrypted string length: 960
[2026-01-12T07:52:30.951+01:00 Europe/Madrid] [INFO] decryptAES: Secret type: object
[2026-01-12T07:52:30.951+01:00 Europe/Madrid] [INFO] decryptAES: Secret has words: true
[2026-01-12T07:52:30.951+01:00 Europe/Madrid] [INFO] decryptAES: IV (hex): 5bdd2872a073c9ab...
[2026-01-12T07:52:30.951+01:00 Europe/Madrid] [INFO] decryptAES: Key (hex): b066647cdfed6d74...
[2026-01-12T07:52:30.951+01:00 Europe/Madrid] [INFO] decryptAES: AES.decrypt completed
[2026-01-12T07:52:30.951+01:00 Europe/Madrid] [INFO] decryptAES: Decrypted text length: 705
[2026-01-12T07:52:30.951+01:00 Europe/Madrid] [INFO] decryptAES: Decrypted text (first 50): {"data" :[{"addedDate":1768064363100,"statusIconKe
[2026-01-12T07:52:30.952+01:00 Europe/Madrid] [INFO] decryptAES: JSON parsed successfully
[2026-01-12T07:52:31.049+01:00 Europe/Madrid] [INFO] decryptAES: Starting decryption
[2026-01-12T07:52:31.049+01:00 Europe/Madrid] [INFO] decryptAES: Encrypted string length: 960
[2026-01-12T07:52:31.049+01:00 Europe/Madrid] [INFO] decryptAES: Secret type: object
[2026-01-12T07:52:31.049+01:00 Europe/Madrid] [INFO] decryptAES: Secret has words: true
[2026-01-12T07:52:31.050+01:00 Europe/Madrid] [INFO] decryptAES: IV (hex): 5bdd2872a073c9ab...
[2026-01-12T07:52:31.050+01:00 Europe/Madrid] [INFO] decryptAES: Key (hex): b066647cdfed6d74...
[2026-01-12T07:52:31.050+01:00 Europe/Madrid] [INFO] decryptAES: AES.decrypt completed
[2026-01-12T07:52:31.050+01:00 Europe/Madrid] [INFO] decryptAES: Decrypted text length: 705
[2026-01-12T07:52:31.050+01:00 Europe/Madrid] [INFO] decryptAES: Decrypted text (first 50): {"data" :[{"addedDate":1768064363100,"statusIconKe
[2026-01-12T07:52:31.050+01:00 Europe/Madrid] [INFO] decryptAES: JSON parsed successfully
[2026-01-12T07:52:31.144+01:00 Europe/Madrid] [INFO] decryptAES: Starting decryption
[2026-01-12T07:52:31.144+01:00 Europe/Madrid] [INFO] decryptAES: Encrypted string length: 1068
[2026-01-12T07:52:31.144+01:00 Europe/Madrid] [INFO] decryptAES: Secret type: object
[2026-01-12T07:52:31.144+01:00 Europe/Madrid] [INFO] decryptAES: Secret has words: true
[2026-01-12T07:52:31.144+01:00 Europe/Madrid] [INFO] decryptAES: IV (hex): 5bdd2872a073c9ab...
[2026-01-12T07:52:31.145+01:00 Europe/Madrid] [INFO] decryptAES: Key (hex): b066647cdfed6d74...
[2026-01-12T07:52:31.145+01:00 Europe/Madrid] [INFO] decryptAES: AES.decrypt completed
[2026-01-12T07:52:31.145+01:00 Europe/Madrid] [INFO] decryptAES: Decrypted text length: 791
[2026-01-12T07:52:31.145+01:00 Europe/Madrid] [INFO] decryptAES: Decrypted text (first 50): {"data" :[{"extractionStatus":"SUCCESSFUL","addedD
[2026-01-12T07:52:31.145+01:00 Europe/Madrid] [INFO] decryptAES: JSON parsed successfully
[2026-01-12T07:52:31.145+01:00 Europe/Madrid] [INFO] Total links found: 29
[2026-01-12T07:52:40.057+01:00 Europe/Madrid] [INFO] Iniciando autenticación...
[2026-01-12T07:52:40.057+01:00 Europe/Madrid] [INFO] Email: malevolent@zoho.com
[2026-01-12T07:52:40.057+01:00 Europe/Madrid] [INFO] loginSecret (hex): a904e03eb81111f5...
[2026-01-12T07:52:40.058+01:00 Europe/Madrid] [INFO] loginSecret words count: 8
[2026-01-12T07:52:40.058+01:00 Europe/Madrid] [INFO] firstHalf words: 4
[2026-01-12T07:52:40.058+01:00 Europe/Madrid] [INFO] secondHalf words: 4
[2026-01-12T07:52:40.058+01:00 Europe/Madrid] [INFO] Query: /my/connect?appkey=myjd_webextension_firefox&email=malevolent%40zoho.com&rid=0
[2026-01-12T07:52:40.058+01:00 Europe/Madrid] [INFO] Signature: 5814102a112d9a59...
[2026-01-12T07:52:40.058+01:00 Europe/Madrid] [INFO] Full URL: https://api.jdownloader.org/my/connect?appkey=myjd_webextension_firefox&email=malevolent%40zoho.com&rid=0&signature=5814102a112d9a596ee65b9208e31864b74aba7a252397cf0e30caad8cf62a0f
[2026-01-12T07:52:40.058+01:00 Europe/Madrid] [INFO] Conectando a MyJDownloader...
[2026-01-12T07:52:40.177+01:00 Europe/Madrid] [INFO] Response status: 200
[2026-01-12T07:52:40.178+01:00 Europe/Madrid] [INFO] Response headers {
  "access-control-allow-origin": "*",
  "connection": "keep-alive",
  "content-type": "application/aesjson-server; charset=utf-8",
  "date": "Mon, 12 Jan 2026 06:52:34 GMT",
  "server": "AppWork GmbH NIO-Engine",
  "transfer-encoding": "chunked",
  "x-upstreamaddr": "127.0.0.1:10207",
  "x-upstreamctime": "0.001",
  "x-upstreamhtime": "0.006"
}
[2026-01-12T07:52:40.178+01:00 Europe/Madrid] [INFO] Response (encrypted, length): 192
[2026-01-12T07:52:40.178+01:00 Europe/Madrid] [INFO] Response (encrypted, first 50): d4a7HZuQ01s2PQJlUK4hoIbLRnCAqD8/Q3iRVY3tMrZRW7TdIm...
[2026-01-12T07:52:40.178+01:00 Europe/Madrid] [INFO] Attempting to decrypt response...
[2026-01-12T07:52:40.178+01:00 Europe/Madrid] [INFO] decryptAES: Starting decryption
[2026-01-12T07:52:40.178+01:00 Europe/Madrid] [INFO] decryptAES: Encrypted string length: 192
[2026-01-12T07:52:40.178+01:00 Europe/Madrid] [INFO] decryptAES: Secret type: object
[2026-01-12T07:52:40.179+01:00 Europe/Madrid] [INFO] decryptAES: Secret has words: true
[2026-01-12T07:52:40.179+01:00 Europe/Madrid] [INFO] decryptAES: IV (hex): a904e03eb81111f5...
[2026-01-12T07:52:40.179+01:00 Europe/Madrid] [INFO] decryptAES: Key (hex): e20cd71096bec79c...
[2026-01-12T07:52:40.179+01:00 Europe/Madrid] [INFO] decryptAES: AES.decrypt completed
[2026-01-12T07:52:40.179+01:00 Europe/Madrid] [INFO] decryptAES: Decrypted text length: 140
[2026-01-12T07:52:40.179+01:00 Europe/Madrid] [INFO] decryptAES: Decrypted text (first 50): {
  "sessiontoken" : "17fdb657fd8522f55b7e10034d06
[2026-01-12T07:52:40.179+01:00 Europe/Madrid] [INFO] decryptAES: JSON parsed successfully
[2026-01-12T07:52:40.179+01:00 Europe/Madrid] [INFO] Decryption successful!
[2026-01-12T07:52:40.179+01:00 Europe/Madrid] [INFO] Connect data keys: sessiontoken, regaintoken, rid
[2026-01-12T07:52:40.179+01:00 Europe/Madrid] [INFO] Sesión establecida, obteniendo dispositivos...
[2026-01-12T07:52:40.298+01:00 Europe/Madrid] [INFO] decryptAES: Starting decryption
[2026-01-12T07:52:40.298+01:00 Europe/Madrid] [INFO] decryptAES: Encrypted string length: 216
[2026-01-12T07:52:40.299+01:00 Europe/Madrid] [INFO] decryptAES: Secret type: object
[2026-01-12T07:52:40.299+01:00 Europe/Madrid] [INFO] decryptAES: Secret has words: true
[2026-01-12T07:52:40.299+01:00 Europe/Madrid] [INFO] decryptAES: IV (hex): c9d53f0667b64f7c...
[2026-01-12T07:52:40.299+01:00 Europe/Madrid] [INFO] decryptAES: Key (hex): 96d26813c2ff8180...
[2026-01-12T07:52:40.299+01:00 Europe/Madrid] [INFO] decryptAES: AES.decrypt completed
[2026-01-12T07:52:40.299+01:00 Europe/Madrid] [INFO] decryptAES: Decrypted text length: 151
[2026-01-12T07:52:40.299+01:00 Europe/Madrid] [INFO] decryptAES: Decrypted text (first 50): {
  "list" : [ {
    "id" : "52d889ac1fa3f0e7b37ce
[2026-01-12T07:52:40.299+01:00 Europe/Madrid] [INFO] decryptAES: JSON parsed successfully
[2026-01-12T07:52:40.299+01:00 Europe/Madrid] [INFO] Dispositivos encontrados: samael
[2026-01-12T07:52:40.299+01:00 Europe/Madrid] [INFO] Autenticación exitosa con dispositivo: Samael (52d889ac1fa3f0e7b37ce2e1dbd86650)
[2026-01-12T07:52:40.299+01:00 Europe/Madrid] [INFO] Getting downloads from LinkGrabber and DownloadController...
[2026-01-12T07:52:40.300+01:00 Europe/Madrid] [INFO] [MyJD] Querying /linkgrabberv2/queryPackages...
[2026-01-12T07:52:40.300+01:00 Europe/Madrid] [INFO] [MyJD] Querying /downloadsV2/queryPackages...
[2026-01-12T07:52:40.402+01:00 Europe/Madrid] [INFO] decryptAES: Starting decryption
[2026-01-12T07:52:40.403+01:00 Europe/Madrid] [INFO] decryptAES: Encrypted string length: 64
[2026-01-12T07:52:40.403+01:00 Europe/Madrid] [INFO] decryptAES: Secret type: object
[2026-01-12T07:52:40.403+01:00 Europe/Madrid] [INFO] decryptAES: Secret has words: true
[2026-01-12T07:52:40.403+01:00 Europe/Madrid] [INFO] decryptAES: IV (hex): 2540a55e29c997d6...
[2026-01-12T07:52:40.403+01:00 Europe/Madrid] [INFO] decryptAES: Key (hex): e1e2fc8c7dee56bb...
[2026-01-12T07:52:40.403+01:00 Europe/Madrid] [INFO] decryptAES: AES.decrypt completed
[2026-01-12T07:52:40.404+01:00 Europe/Madrid] [INFO] decryptAES: Decrypted text length: 32
[2026-01-12T07:52:40.404+01:00 Europe/Madrid] [INFO] decryptAES: Decrypted text (first 50): {"data" :[],"rid":1768200760300}
[2026-01-12T07:52:40.404+01:00 Europe/Madrid] [INFO] decryptAES: JSON parsed successfully
[2026-01-12T07:52:40.404+01:00 Europe/Madrid] [INFO] [MyJD] Found 0 packages in /linkgrabberv2/queryPackages
[2026-01-12T07:52:40.473+01:00 Europe/Madrid] [INFO] decryptAES: Starting decryption
[2026-01-12T07:52:40.473+01:00 Europe/Madrid] [INFO] decryptAES: Encrypted string length: 1280
[2026-01-12T07:52:40.474+01:00 Europe/Madrid] [INFO] decryptAES: Secret type: object
[2026-01-12T07:52:40.474+01:00 Europe/Madrid] [INFO] decryptAES: Secret has words: true
[2026-01-12T07:52:40.474+01:00 Europe/Madrid] [INFO] decryptAES: IV (hex): 2540a55e29c997d6...
[2026-01-12T07:52:40.474+01:00 Europe/Madrid] [INFO] decryptAES: Key (hex): e1e2fc8c7dee56bb...
[2026-01-12T07:52:40.474+01:00 Europe/Madrid] [INFO] decryptAES: AES.decrypt completed
[2026-01-12T07:52:40.474+01:00 Europe/Madrid] [INFO] decryptAES: Decrypted text length: 953
[2026-01-12T07:52:40.474+01:00 Europe/Madrid] [INFO] decryptAES: Decrypted text (first 50): {"data" :[{"saveTo":"/output/Breaking bad x265 216
[2026-01-12T07:52:40.474+01:00 Europe/Madrid] [INFO] decryptAES: JSON parsed successfully
[2026-01-12T07:52:40.474+01:00 Europe/Madrid] [INFO] [MyJD] Found 7 packages in /downloadsV2/queryPackages
[2026-01-12T07:52:40.474+01:00 Europe/Madrid] [INFO] Found 0 LinkGrabber packages and 7 Download packages
[2026-01-12T07:52:40.662+01:00 Europe/Madrid] [INFO] decryptAES: Starting decryption
[2026-01-12T07:52:40.662+01:00 Europe/Madrid] [INFO] decryptAES: Encrypted string length: 5888
[2026-01-12T07:52:40.662+01:00 Europe/Madrid] [INFO] decryptAES: Secret type: object
[2026-01-12T07:52:40.662+01:00 Europe/Madrid] [INFO] decryptAES: Secret has words: true
[2026-01-12T07:52:40.663+01:00 Europe/Madrid] [INFO] decryptAES: IV (hex): 2540a55e29c997d6...
[2026-01-12T07:52:40.663+01:00 Europe/Madrid] [INFO] decryptAES: Key (hex): e1e2fc8c7dee56bb...
[2026-01-12T07:52:40.663+01:00 Europe/Madrid] [INFO] decryptAES: AES.decrypt completed
[2026-01-12T07:52:40.663+01:00 Europe/Madrid] [INFO] decryptAES: Decrypted text length: 4409
[2026-01-12T07:52:40.663+01:00 Europe/Madrid] [INFO] decryptAES: Decrypted text (first 50): {"data" :[{"addedDate":1768064363100,"statusIconKe
[2026-01-12T07:52:40.663+01:00 Europe/Madrid] [INFO] decryptAES: JSON parsed successfully
[2026-01-12T07:52:40.766+01:00 Europe/Madrid] [INFO] decryptAES: Starting decryption
[2026-01-12T07:52:40.766+01:00 Europe/Madrid] [INFO] decryptAES: Encrypted string length: 1900
[2026-01-12T07:52:40.767+01:00 Europe/Madrid] [INFO] decryptAES: Secret type: object
[2026-01-12T07:52:40.767+01:00 Europe/Madrid] [INFO] decryptAES: Secret has words: true
[2026-01-12T07:52:40.767+01:00 Europe/Madrid] [INFO] decryptAES: IV (hex): 2540a55e29c997d6...
[2026-01-12T07:52:40.767+01:00 Europe/Madrid] [INFO] decryptAES: Key (hex): e1e2fc8c7dee56bb...
[2026-01-12T07:52:40.767+01:00 Europe/Madrid] [INFO] decryptAES: AES.decrypt completed
[2026-01-12T07:52:40.767+01:00 Europe/Madrid] [INFO] decryptAES: Decrypted text length: 1409
[2026-01-12T07:52:40.767+01:00 Europe/Madrid] [INFO] decryptAES: Decrypted text (first 50): {"data" :[{"addedDate":1768064363100,"statusIconKe
[2026-01-12T07:52:40.767+01:00 Europe/Madrid] [INFO] decryptAES: JSON parsed successfully
[2026-01-12T07:52:40.882+01:00 Europe/Madrid] [INFO] decryptAES: Starting decryption
[2026-01-12T07:52:40.882+01:00 Europe/Madrid] [INFO] decryptAES: Encrypted string length: 960
[2026-01-12T07:52:40.882+01:00 Europe/Madrid] [INFO] decryptAES: Secret type: object
[2026-01-12T07:52:40.882+01:00 Europe/Madrid] [INFO] decryptAES: Secret has words: true
[2026-01-12T07:52:40.883+01:00 Europe/Madrid] [INFO] decryptAES: IV (hex): 2540a55e29c997d6...
[2026-01-12T07:52:40.883+01:00 Europe/Madrid] [INFO] decryptAES: Key (hex): e1e2fc8c7dee56bb...
[2026-01-12T07:52:40.883+01:00 Europe/Madrid] [INFO] decryptAES: AES.decrypt completed
[2026-01-12T07:52:40.883+01:00 Europe/Madrid] [INFO] decryptAES: Decrypted text length: 705
[2026-01-12T07:52:40.883+01:00 Europe/Madrid] [INFO] decryptAES: Decrypted text (first 50): {"data" :[{"addedDate":1768064363100,"statusIconKe
[2026-01-12T07:52:40.883+01:00 Europe/Madrid] [INFO] decryptAES: JSON parsed successfully
[2026-01-12T07:52:40.991+01:00 Europe/Madrid] [INFO] decryptAES: Starting decryption
[2026-01-12T07:52:40.991+01:00 Europe/Madrid] [INFO] decryptAES: Encrypted string length: 960
[2026-01-12T07:52:40.991+01:00 Europe/Madrid] [INFO] decryptAES: Secret type: object
[2026-01-12T07:52:40.991+01:00 Europe/Madrid] [INFO] decryptAES: Secret has words: true
[2026-01-12T07:52:40.992+01:00 Europe/Madrid] [INFO] decryptAES: IV (hex): 2540a55e29c997d6...
[2026-01-12T07:52:40.992+01:00 Europe/Madrid] [INFO] decryptAES: Key (hex): e1e2fc8c7dee56bb...
[2026-01-12T07:52:40.992+01:00 Europe/Madrid] [INFO] decryptAES: AES.decrypt completed
[2026-01-12T07:52:40.992+01:00 Europe/Madrid] [INFO] decryptAES: Decrypted text length: 705
[2026-01-12T07:52:40.992+01:00 Europe/Madrid] [INFO] decryptAES: Decrypted text (first 50): {"data" :[{"addedDate":1768064363100,"statusIconKe
[2026-01-12T07:52:40.992+01:00 Europe/Madrid] [INFO] decryptAES: JSON parsed successfully
[2026-01-12T07:52:41.092+01:00 Europe/Madrid] [INFO] decryptAES: Starting decryption
[2026-01-12T07:52:41.093+01:00 Europe/Madrid] [INFO] decryptAES: Encrypted string length: 960
[2026-01-12T07:52:41.093+01:00 Europe/Madrid] [INFO] decryptAES: Secret type: object
[2026-01-12T07:52:41.093+01:00 Europe/Madrid] [INFO] decryptAES: Secret has words: true
[2026-01-12T07:52:41.093+01:00 Europe/Madrid] [INFO] decryptAES: IV (hex): 2540a55e29c997d6...
[2026-01-12T07:52:41.093+01:00 Europe/Madrid] [INFO] decryptAES: Key (hex): e1e2fc8c7dee56bb...
[2026-01-12T07:52:41.093+01:00 Europe/Madrid] [INFO] decryptAES: AES.decrypt completed
[2026-01-12T07:52:41.093+01:00 Europe/Madrid] [INFO] decryptAES: Decrypted text length: 705
[2026-01-12T07:52:41.093+01:00 Europe/Madrid] [INFO] decryptAES: Decrypted text (first 50): {"data" :[{"addedDate":1768064363100,"statusIconKe
[2026-01-12T07:52:41.093+01:00 Europe/Madrid] [INFO] decryptAES: JSON parsed successfully
[2026-01-12T07:52:41.211+01:00 Europe/Madrid] [INFO] decryptAES: Starting decryption
[2026-01-12T07:52:41.212+01:00 Europe/Madrid] [INFO] decryptAES: Encrypted string length: 960
[2026-01-12T07:52:41.212+01:00 Europe/Madrid] [INFO] decryptAES: Secret type: object
[2026-01-12T07:52:41.212+01:00 Europe/Madrid] [INFO] decryptAES: Secret has words: true
[2026-01-12T07:52:41.213+01:00 Europe/Madrid] [INFO] decryptAES: IV (hex): 2540a55e29c997d6...
[2026-01-12T07:52:41.213+01:00 Europe/Madrid] [INFO] decryptAES: Key (hex): e1e2fc8c7dee56bb...
[2026-01-12T07:52:41.213+01:00 Europe/Madrid] [INFO] decryptAES: AES.decrypt completed
[2026-01-12T07:52:41.214+01:00 Europe/Madrid] [INFO] decryptAES: Decrypted text length: 705
[2026-01-12T07:52:41.214+01:00 Europe/Madrid] [INFO] decryptAES: Decrypted text (first 50): {"data" :[{"addedDate":1768064363100,"statusIconKe
[2026-01-12T07:52:41.214+01:00 Europe/Madrid] [INFO] decryptAES: JSON parsed successfully
[2026-01-12T07:52:41.315+01:00 Europe/Madrid] [INFO] decryptAES: Starting decryption
[2026-01-12T07:52:41.315+01:00 Europe/Madrid] [INFO] decryptAES: Encrypted string length: 1068
[2026-01-12T07:52:41.315+01:00 Europe/Madrid] [INFO] decryptAES: Secret type: object
[2026-01-12T07:52:41.315+01:00 Europe/Madrid] [INFO] decryptAES: Secret has words: true
[2026-01-12T07:52:41.315+01:00 Europe/Madrid] [INFO] decryptAES: IV (hex): 2540a55e29c997d6...
[2026-01-12T07:52:41.316+01:00 Europe/Madrid] [INFO] decryptAES: Key (hex): e1e2fc8c7dee56bb...
[2026-01-12T07:52:41.316+01:00 Europe/Madrid] [INFO] decryptAES: AES.decrypt completed
[2026-01-12T07:52:41.316+01:00 Europe/Madrid] [INFO] decryptAES: Decrypted text length: 791
[2026-01-12T07:52:41.316+01:00 Europe/Madrid] [INFO] decryptAES: Decrypted text (first 50): {"data" :[{"extractionStatus":"SUCCESSFUL","addedD
[2026-01-12T07:52:41.316+01:00 Europe/Madrid] [INFO] decryptAES: JSON parsed successfully
[2026-01-12T07:52:41.316+01:00 Europe/Madrid] [INFO] Total links found: 29
[2026-01-12T07:52:48.074+01:00 Europe/Madrid] [INFO] Iniciando autenticación...
[2026-01-12T07:52:48.074+01:00 Europe/Madrid] [INFO] Email: malevolent@zoho.com
[2026-01-12T07:52:48.074+01:00 Europe/Madrid] [INFO] loginSecret (hex): a904e03eb81111f5...
[2026-01-12T07:52:48.074+01:00 Europe/Madrid] [INFO] loginSecret words count: 8
[2026-01-12T07:52:48.074+01:00 Europe/Madrid] [INFO] firstHalf words: 4
[2026-01-12T07:52:48.074+01:00 Europe/Madrid] [INFO] secondHalf words: 4
[2026-01-12T07:52:48.075+01:00 Europe/Madrid] [INFO] Query: /my/connect?appkey=myjd_webextension_firefox&email=malevolent%40zoho.com&rid=0
[2026-01-12T07:52:48.075+01:00 Europe/Madrid] [INFO] Signature: 5814102a112d9a59...
[2026-01-12T07:52:48.075+01:00 Europe/Madrid] [INFO] Full URL: https://api.jdownloader.org/my/connect?appkey=myjd_webextension_firefox&email=malevolent%40zoho.com&rid=0&signature=5814102a112d9a596ee65b9208e31864b74aba7a252397cf0e30caad8cf62a0f
[2026-01-12T07:52:48.075+01:00 Europe/Madrid] [INFO] Conectando a MyJDownloader...
[2026-01-12T07:52:48.201+01:00 Europe/Madrid] [INFO] Response status: 200
[2026-01-12T07:52:48.202+01:00 Europe/Madrid] [INFO] Response headers {
  "access-control-allow-origin": "*",
  "connection": "keep-alive",
  "content-type": "application/aesjson-server; charset=utf-8",
  "date": "Mon, 12 Jan 2026 06:52:42 GMT",
  "server": "AppWork GmbH NIO-Engine",
  "transfer-encoding": "chunked",
  "x-upstreamaddr": "127.0.0.1:10208",
  "x-upstreamctime": "0.001",
  "x-upstreamhtime": "0.002"
}
[2026-01-12T07:52:48.202+01:00 Europe/Madrid] [INFO] Response (encrypted, length): 192
[2026-01-12T07:52:48.202+01:00 Europe/Madrid] [INFO] Response (encrypted, first 50): d4a7HZuQ01s2PQJlUK4hoG7h0WAg9KJCsv82KQGdbB8Rq+1YLt...
[2026-01-12T07:52:48.202+01:00 Europe/Madrid] [INFO] Attempting to decrypt response...
[2026-01-12T07:52:48.202+01:00 Europe/Madrid] [INFO] decryptAES: Starting decryption
[2026-01-12T07:52:48.202+01:00 Europe/Madrid] [INFO] decryptAES: Encrypted string length: 192
[2026-01-12T07:52:48.202+01:00 Europe/Madrid] [INFO] decryptAES: Secret type: object
[2026-01-12T07:52:48.202+01:00 Europe/Madrid] [INFO] decryptAES: Secret has words: true
[2026-01-12T07:52:48.202+01:00 Europe/Madrid] [INFO] decryptAES: IV (hex): a904e03eb81111f5...
[2026-01-12T07:52:48.203+01:00 Europe/Madrid] [INFO] decryptAES: Key (hex): e20cd71096bec79c...
[2026-01-12T07:52:48.203+01:00 Europe/Madrid] [INFO] decryptAES: AES.decrypt completed
[2026-01-12T07:52:48.203+01:00 Europe/Madrid] [INFO] decryptAES: Decrypted text length: 140
[2026-01-12T07:52:48.203+01:00 Europe/Madrid] [INFO] decryptAES: Decrypted text (first 50): {
  "sessiontoken" : "fe8c51810eead350f3aa551866b8
[2026-01-12T07:52:48.203+01:00 Europe/Madrid] [INFO] decryptAES: JSON parsed successfully
[2026-01-12T07:52:48.203+01:00 Europe/Madrid] [INFO] Decryption successful!
[2026-01-12T07:52:48.203+01:00 Europe/Madrid] [INFO] Connect data keys: sessiontoken, regaintoken, rid
[2026-01-12T07:52:48.203+01:00 Europe/Madrid] [INFO] Sesión establecida, obteniendo dispositivos...
[2026-01-12T07:52:48.300+01:00 Europe/Madrid] [INFO] decryptAES: Starting decryption
[2026-01-12T07:52:48.300+01:00 Europe/Madrid] [INFO] decryptAES: Encrypted string length: 216
[2026-01-12T07:52:48.300+01:00 Europe/Madrid] [INFO] decryptAES: Secret type: object
[2026-01-12T07:52:48.300+01:00 Europe/Madrid] [INFO] decryptAES: Secret has words: true
[2026-01-12T07:52:48.300+01:00 Europe/Madrid] [INFO] decryptAES: IV (hex): d88d5f5402d08e96...
[2026-01-12T07:52:48.300+01:00 Europe/Madrid] [INFO] decryptAES: Key (hex): 82217b276f29ae0e...
[2026-01-12T07:52:48.301+01:00 Europe/Madrid] [INFO] decryptAES: AES.decrypt completed
[2026-01-12T07:52:48.301+01:00 Europe/Madrid] [INFO] decryptAES: Decrypted text length: 151
[2026-01-12T07:52:48.301+01:00 Europe/Madrid] [INFO] decryptAES: Decrypted text (first 50): {
  "list" : [ {
    "id" : "52d889ac1fa3f0e7b37ce
[2026-01-12T07:52:48.301+01:00 Europe/Madrid] [INFO] decryptAES: JSON parsed successfully
[2026-01-12T07:52:48.301+01:00 Europe/Madrid] [INFO] Dispositivos encontrados: samael
[2026-01-12T07:52:48.301+01:00 Europe/Madrid] [INFO] Autenticación exitosa con dispositivo: Samael (52d889ac1fa3f0e7b37ce2e1dbd86650)
[2026-01-12T07:52:48.301+01:00 Europe/Madrid] [INFO] Getting downloads from LinkGrabber and DownloadController...
[2026-01-12T07:52:48.301+01:00 Europe/Madrid] [INFO] [MyJD] Querying /linkgrabberv2/queryPackages...
[2026-01-12T07:52:48.302+01:00 Europe/Madrid] [INFO] [MyJD] Querying /downloadsV2/queryPackages...
[2026-01-12T07:52:48.402+01:00 Europe/Madrid] [INFO] decryptAES: Starting decryption
[2026-01-12T07:52:48.402+01:00 Europe/Madrid] [INFO] decryptAES: Encrypted string length: 64
[2026-01-12T07:52:48.402+01:00 Europe/Madrid] [INFO] decryptAES: Secret type: object
[2026-01-12T07:52:48.403+01:00 Europe/Madrid] [INFO] decryptAES: Secret has words: true
[2026-01-12T07:52:48.403+01:00 Europe/Madrid] [INFO] decryptAES: IV (hex): 3c2f868ec6f95010...
[2026-01-12T07:52:48.403+01:00 Europe/Madrid] [INFO] decryptAES: Key (hex): 641f5036e1b1aef1...
[2026-01-12T07:52:48.403+01:00 Europe/Madrid] [INFO] decryptAES: AES.decrypt completed
[2026-01-12T07:52:48.403+01:00 Europe/Madrid] [INFO] decryptAES: Decrypted text length: 32
[2026-01-12T07:52:48.403+01:00 Europe/Madrid] [INFO] decryptAES: Decrypted text (first 50): {"data" :[],"rid":1768200768301}
[2026-01-12T07:52:48.403+01:00 Europe/Madrid] [INFO] decryptAES: JSON parsed successfully
[2026-01-12T07:52:48.403+01:00 Europe/Madrid] [INFO] [MyJD] Found 0 packages in /linkgrabberv2/queryPackages
[2026-01-12T07:52:48.499+01:00 Europe/Madrid] [INFO] decryptAES: Starting decryption
[2026-01-12T07:52:48.499+01:00 Europe/Madrid] [INFO] decryptAES: Encrypted string length: 1280
[2026-01-12T07:52:48.500+01:00 Europe/Madrid] [INFO] decryptAES: Secret type: object
[2026-01-12T07:52:48.500+01:00 Europe/Madrid] [INFO] decryptAES: Secret has words: true
[2026-01-12T07:52:48.500+01:00 Europe/Madrid] [INFO] decryptAES: IV (hex): 3c2f868ec6f95010...
[2026-01-12T07:52:48.500+01:00 Europe/Madrid] [INFO] decryptAES: Key (hex): 641f5036e1b1aef1...
[2026-01-12T07:52:48.500+01:00 Europe/Madrid] [INFO] decryptAES: AES.decrypt completed
[2026-01-12T07:52:48.500+01:00 Europe/Madrid] [INFO] decryptAES: Decrypted text length: 953
[2026-01-12T07:52:48.500+01:00 Europe/Madrid] [INFO] decryptAES: Decrypted text (first 50): {"data" :[{"saveTo":"/output/Breaking bad x265 216
[2026-01-12T07:52:48.500+01:00 Europe/Madrid] [INFO] decryptAES: JSON parsed successfully
[2026-01-12T07:52:48.500+01:00 Europe/Madrid] [INFO] [MyJD] Found 7 packages in /downloadsV2/queryPackages
[2026-01-12T07:52:48.500+01:00 Europe/Madrid] [INFO] Found 0 LinkGrabber packages and 7 Download packages
[2026-01-12T07:52:48.689+01:00 Europe/Madrid] [INFO] decryptAES: Starting decryption
[2026-01-12T07:52:48.689+01:00 Europe/Madrid] [INFO] decryptAES: Encrypted string length: 5888
[2026-01-12T07:52:48.689+01:00 Europe/Madrid] [INFO] decryptAES: Secret type: object
[2026-01-12T07:52:48.689+01:00 Europe/Madrid] [INFO] decryptAES: Secret has words: true
[2026-01-12T07:52:48.689+01:00 Europe/Madrid] [INFO] decryptAES: IV (hex): 3c2f868ec6f95010...
[2026-01-12T07:52:48.689+01:00 Europe/Madrid] [INFO] decryptAES: Key (hex): 641f5036e1b1aef1...
[2026-01-12T07:52:48.690+01:00 Europe/Madrid] [INFO] decryptAES: AES.decrypt completed
[2026-01-12T07:52:48.690+01:00 Europe/Madrid] [INFO] decryptAES: Decrypted text length: 4409
[2026-01-12T07:52:48.691+01:00 Europe/Madrid] [INFO] decryptAES: Decrypted text (first 50): {"data" :[{"addedDate":1768064363100,"statusIconKe
[2026-01-12T07:52:48.691+01:00 Europe/Madrid] [INFO] decryptAES: JSON parsed successfully
[2026-01-12T07:52:48.800+01:00 Europe/Madrid] [INFO] decryptAES: Starting decryption
[2026-01-12T07:52:48.800+01:00 Europe/Madrid] [INFO] decryptAES: Encrypted string length: 1900
[2026-01-12T07:52:48.800+01:00 Europe/Madrid] [INFO] decryptAES: Secret type: object
[2026-01-12T07:52:48.801+01:00 Europe/Madrid] [INFO] decryptAES: Secret has words: true
[2026-01-12T07:52:48.801+01:00 Europe/Madrid] [INFO] decryptAES: IV (hex): 3c2f868ec6f95010...
[2026-01-12T07:52:48.801+01:00 Europe/Madrid] [INFO] decryptAES: Key (hex): 641f5036e1b1aef1...
[2026-01-12T07:52:48.801+01:00 Europe/Madrid] [INFO] decryptAES: AES.decrypt completed
[2026-01-12T07:52:48.801+01:00 Europe/Madrid] [INFO] decryptAES: Decrypted text length: 1409
[2026-01-12T07:52:48.801+01:00 Europe/Madrid] [INFO] decryptAES: Decrypted text (first 50): {"data" :[{"addedDate":1768064363100,"statusIconKe
[2026-01-12T07:52:48.801+01:00 Europe/Madrid] [INFO] decryptAES: JSON parsed successfully
[2026-01-12T07:52:48.917+01:00 Europe/Madrid] [INFO] decryptAES: Starting decryption
[2026-01-12T07:52:48.918+01:00 Europe/Madrid] [INFO] decryptAES: Encrypted string length: 960
[2026-01-12T07:52:48.918+01:00 Europe/Madrid] [INFO] decryptAES: Secret type: object
[2026-01-12T07:52:48.918+01:00 Europe/Madrid] [INFO] decryptAES: Secret has words: true
[2026-01-12T07:52:48.918+01:00 Europe/Madrid] [INFO] decryptAES: IV (hex): 3c2f868ec6f95010...
[2026-01-12T07:52:48.918+01:00 Europe/Madrid] [INFO] decryptAES: Key (hex): 641f5036e1b1aef1...
[2026-01-12T07:52:48.918+01:00 Europe/Madrid] [INFO] decryptAES: AES.decrypt completed
[2026-01-12T07:52:48.918+01:00 Europe/Madrid] [INFO] decryptAES: Decrypted text length: 705
[2026-01-12T07:52:48.919+01:00 Europe/Madrid] [INFO] decryptAES: Decrypted text (first 50): {"data" :[{"addedDate":1768064363100,"statusIconKe
[2026-01-12T07:52:48.919+01:00 Europe/Madrid] [INFO] decryptAES: JSON parsed successfully
[2026-01-12T07:52:49.013+01:00 Europe/Madrid] [INFO] decryptAES: Starting decryption
[2026-01-12T07:52:49.013+01:00 Europe/Madrid] [INFO] decryptAES: Encrypted string length: 960
[2026-01-12T07:52:49.013+01:00 Europe/Madrid] [INFO] decryptAES: Secret type: object
[2026-01-12T07:52:49.013+01:00 Europe/Madrid] [INFO] decryptAES: Secret has words: true
[2026-01-12T07:52:49.013+01:00 Europe/Madrid] [INFO] decryptAES: IV (hex): 3c2f868ec6f95010...
[2026-01-12T07:52:49.013+01:00 Europe/Madrid] [INFO] decryptAES: Key (hex): 641f5036e1b1aef1...
[2026-01-12T07:52:49.013+01:00 Europe/Madrid] [INFO] decryptAES: AES.decrypt completed
[2026-01-12T07:52:49.014+01:00 Europe/Madrid] [INFO] decryptAES: Decrypted text length: 705
[2026-01-12T07:52:49.014+01:00 Europe/Madrid] [INFO] decryptAES: Decrypted text (first 50): {"data" :[{"addedDate":1768064363100,"statusIconKe
[2026-01-12T07:52:49.014+01:00 Europe/Madrid] [INFO] decryptAES: JSON parsed successfully
[2026-01-12T07:52:49.130+01:00 Europe/Madrid] [INFO] decryptAES: Starting decryption
[2026-01-12T07:52:49.130+01:00 Europe/Madrid] [INFO] decryptAES: Encrypted string length: 960
[2026-01-12T07:52:49.130+01:00 Europe/Madrid] [INFO] decryptAES: Secret type: object
[2026-01-12T07:52:49.131+01:00 Europe/Madrid] [INFO] decryptAES: Secret has words: true
[2026-01-12T07:52:49.131+01:00 Europe/Madrid] [INFO] decryptAES: IV (hex): 3c2f868ec6f95010...
[2026-01-12T07:52:49.131+01:00 Europe/Madrid] [INFO] decryptAES: Key (hex): 641f5036e1b1aef1...
[2026-01-12T07:52:49.131+01:00 Europe/Madrid] [INFO] decryptAES: AES.decrypt completed
[2026-01-12T07:52:49.131+01:00 Europe/Madrid] [INFO] decryptAES: Decrypted text length: 705
[2026-01-12T07:52:49.131+01:00 Europe/Madrid] [INFO] decryptAES: Decrypted text (first 50): {"data" :[{"addedDate":1768064363100,"statusIconKe
[2026-01-12T07:52:49.131+01:00 Europe/Madrid] [INFO] decryptAES: JSON parsed successfully
[2026-01-12T07:52:49.227+01:00 Europe/Madrid] [INFO] decryptAES: Starting decryption
[2026-01-12T07:52:49.227+01:00 Europe/Madrid] [INFO] decryptAES: Encrypted string length: 960
[2026-01-12T07:52:49.227+01:00 Europe/Madrid] [INFO] decryptAES: Secret type: object
[2026-01-12T07:52:49.227+01:00 Europe/Madrid] [INFO] decryptAES: Secret has words: true
[2026-01-12T07:52:49.227+01:00 Europe/Madrid] [INFO] decryptAES: IV (hex): 3c2f868ec6f95010...
[2026-01-12T07:52:49.227+01:00 Europe/Madrid] [INFO] decryptAES: Key (hex): 641f5036e1b1aef1...
[2026-01-12T07:52:49.228+01:00 Europe/Madrid] [INFO] decryptAES: AES.decrypt completed
[2026-01-12T07:52:49.228+01:00 Europe/Madrid] [INFO] decryptAES: Decrypted text length: 705
[2026-01-12T07:52:49.228+01:00 Europe/Madrid] [INFO] decryptAES: Decrypted text (first 50): {"data" :[{"addedDate":1768064363100,"statusIconKe
[2026-01-12T07:52:49.228+01:00 Europe/Madrid] [INFO] decryptAES: JSON parsed successfully
[2026-01-12T07:52:49.334+01:00 Europe/Madrid] [INFO] decryptAES: Starting decryption
[2026-01-12T07:52:49.334+01:00 Europe/Madrid] [INFO] decryptAES: Encrypted string length: 1068
[2026-01-12T07:52:49.334+01:00 Europe/Madrid] [INFO] decryptAES: Secret type: object
[2026-01-12T07:52:49.334+01:00 Europe/Madrid] [INFO] decryptAES: Secret has words: true
[2026-01-12T07:52:49.334+01:00 Europe/Madrid] [INFO] decryptAES: IV (hex): 3c2f868ec6f95010...
[2026-01-12T07:52:49.335+01:00 Europe/Madrid] [INFO] decryptAES: Key (hex): 641f5036e1b1aef1...
[2026-01-12T07:52:49.335+01:00 Europe/Madrid] [INFO] decryptAES: AES.decrypt completed
[2026-01-12T07:52:49.335+01:00 Europe/Madrid] [INFO] decryptAES: Decrypted text length: 791
[2026-01-12T07:52:49.335+01:00 Europe/Madrid] [INFO] decryptAES: Decrypted text (first 50): {"data" :[{"extractionStatus":"SUCCESSFUL","addedD
[2026-01-12T07:52:49.335+01:00 Europe/Madrid] [INFO] decryptAES: JSON parsed successfully
[2026-01-12T07:52:49.335+01:00 Europe/Madrid] [INFO] Total links found: 29
[2026-01-12T07:52:49.732+01:00 Europe/Madrid] [INFO] Iniciando autenticación...
[2026-01-12T07:52:49.732+01:00 Europe/Madrid] [INFO] Email: malevolent@zoho.com
[2026-01-12T07:52:49.732+01:00 Europe/Madrid] [INFO] loginSecret (hex): a904e03eb81111f5...
[2026-01-12T07:52:49.732+01:00 Europe/Madrid] [INFO] loginSecret words count: 8
[2026-01-12T07:52:49.732+01:00 Europe/Madrid] [INFO] firstHalf words: 4
[2026-01-12T07:52:49.733+01:00 Europe/Madrid] [INFO] secondHalf words: 4
[2026-01-12T07:52:49.733+01:00 Europe/Madrid] [INFO] Query: /my/connect?appkey=myjd_webextension_firefox&email=malevolent%40zoho.com&rid=0
[2026-01-12T07:52:49.733+01:00 Europe/Madrid] [INFO] Signature: 5814102a112d9a59...
[2026-01-12T07:52:49.733+01:00 Europe/Madrid] [INFO] Full URL: https://api.jdownloader.org/my/connect?appkey=myjd_webextension_firefox&email=malevolent%40zoho.com&rid=0&signature=5814102a112d9a596ee65b9208e31864b74aba7a252397cf0e30caad8cf62a0f
[2026-01-12T07:52:49.733+01:00 Europe/Madrid] [INFO] Conectando a MyJDownloader...
[2026-01-12T07:52:49.770+01:00 Europe/Madrid] [INFO] Response status: 200
[2026-01-12T07:52:49.770+01:00 Europe/Madrid] [INFO] Response headers {
  "access-control-allow-origin": "*",
  "connection": "keep-alive",
  "content-type": "application/aesjson-server; charset=utf-8",
  "date": "Mon, 12 Jan 2026 06:52:44 GMT",
  "server": "AppWork GmbH NIO-Engine",
  "transfer-encoding": "chunked",
  "x-upstreamaddr": "127.0.0.1:10209",
  "x-upstreamctime": "0.000",
  "x-upstreamhtime": "0.000"
}
[2026-01-12T07:52:49.770+01:00 Europe/Madrid] [INFO] Response (encrypted, length): 192
[2026-01-12T07:52:49.770+01:00 Europe/Madrid] [INFO] Response (encrypted, first 50): d4a7HZuQ01s2PQJlUK4hoBWs9xin6FlZZ3ZXD7AoNQ5ZAetvP9...
[2026-01-12T07:52:49.770+01:00 Europe/Madrid] [INFO] Attempting to decrypt response...
[2026-01-12T07:52:49.770+01:00 Europe/Madrid] [INFO] decryptAES: Starting decryption
[2026-01-12T07:52:49.770+01:00 Europe/Madrid] [INFO] decryptAES: Encrypted string length: 192
[2026-01-12T07:52:49.770+01:00 Europe/Madrid] [INFO] decryptAES: Secret type: object
[2026-01-12T07:52:49.770+01:00 Europe/Madrid] [INFO] decryptAES: Secret has words: true
[2026-01-12T07:52:49.771+01:00 Europe/Madrid] [INFO] decryptAES: IV (hex): a904e03eb81111f5...
[2026-01-12T07:52:49.771+01:00 Europe/Madrid] [INFO] decryptAES: Key (hex): e20cd71096bec79c...
[2026-01-12T07:52:49.771+01:00 Europe/Madrid] [INFO] decryptAES: AES.decrypt completed
[2026-01-12T07:52:49.771+01:00 Europe/Madrid] [INFO] decryptAES: Decrypted text length: 140
[2026-01-12T07:52:49.771+01:00 Europe/Madrid] [INFO] decryptAES: Decrypted text (first 50): {
  "sessiontoken" : "2704a443e517538dd07e0f23a0ea
[2026-01-12T07:52:49.771+01:00 Europe/Madrid] [INFO] decryptAES: JSON parsed successfully
[2026-01-12T07:52:49.771+01:00 Europe/Madrid] [INFO] Decryption successful!
[2026-01-12T07:52:49.771+01:00 Europe/Madrid] [INFO] Connect data keys: sessiontoken, regaintoken, rid
[2026-01-12T07:52:49.771+01:00 Europe/Madrid] [INFO] Sesión establecida, obteniendo dispositivos...
[2026-01-12T07:52:49.802+01:00 Europe/Madrid] [INFO] decryptAES: Starting decryption
[2026-01-12T07:52:49.802+01:00 Europe/Madrid] [INFO] decryptAES: Encrypted string length: 216
[2026-01-12T07:52:49.802+01:00 Europe/Madrid] [INFO] decryptAES: Secret type: object
[2026-01-12T07:52:49.802+01:00 Europe/Madrid] [INFO] decryptAES: Secret has words: true
[2026-01-12T07:52:49.803+01:00 Europe/Madrid] [INFO] decryptAES: IV (hex): 8e7022f11191f6ed...
[2026-01-12T07:52:49.803+01:00 Europe/Madrid] [INFO] decryptAES: Key (hex): 66dbf2c8fa1b3642...
[2026-01-12T07:52:49.803+01:00 Europe/Madrid] [INFO] decryptAES: AES.decrypt completed
[2026-01-12T07:52:49.803+01:00 Europe/Madrid] [INFO] decryptAES: Decrypted text length: 151
[2026-01-12T07:52:49.803+01:00 Europe/Madrid] [INFO] decryptAES: Decrypted text (first 50): {
  "list" : [ {
    "id" : "52d889ac1fa3f0e7b37ce
[2026-01-12T07:52:49.803+01:00 Europe/Madrid] [INFO] decryptAES: JSON parsed successfully
[2026-01-12T07:52:49.803+01:00 Europe/Madrid] [INFO] Dispositivos encontrados: samael
[2026-01-12T07:52:49.803+01:00 Europe/Madrid] [INFO] Autenticación exitosa con dispositivo: Samael (52d889ac1fa3f0e7b37ce2e1dbd86650)
[2026-01-12T07:52:49.803+01:00 Europe/Madrid] [INFO] Getting downloads from LinkGrabber and DownloadController...
[2026-01-12T07:52:49.804+01:00 Europe/Madrid] [INFO] [MyJD] Querying /linkgrabberv2/queryPackages...
[2026-01-12T07:52:49.804+01:00 Europe/Madrid] [INFO] [MyJD] Querying /downloadsV2/queryPackages...
[2026-01-12T07:52:49.918+01:00 Europe/Madrid] [INFO] decryptAES: Starting decryption
[2026-01-12T07:52:49.918+01:00 Europe/Madrid] [INFO] decryptAES: Encrypted string length: 1280
[2026-01-12T07:52:49.918+01:00 Europe/Madrid] [INFO] decryptAES: Secret type: object
[2026-01-12T07:52:49.918+01:00 Europe/Madrid] [INFO] decryptAES: Secret has words: true
[2026-01-12T07:52:49.918+01:00 Europe/Madrid] [INFO] decryptAES: IV (hex): 7549368c41c6808a...
[2026-01-12T07:52:49.919+01:00 Europe/Madrid] [INFO] decryptAES: Key (hex): 068abd414ee67efc...
[2026-01-12T07:52:49.919+01:00 Europe/Madrid] [INFO] decryptAES: AES.decrypt completed
[2026-01-12T07:52:49.919+01:00 Europe/Madrid] [INFO] decryptAES: Decrypted text length: 953
[2026-01-12T07:52:49.919+01:00 Europe/Madrid] [INFO] decryptAES: Decrypted text (first 50): {"data" :[{"saveTo":"/output/Breaking bad x265 216
[2026-01-12T07:52:49.919+01:00 Europe/Madrid] [INFO] decryptAES: JSON parsed successfully
[2026-01-12T07:52:49.919+01:00 Europe/Madrid] [INFO] [MyJD] Found 7 packages in /downloadsV2/queryPackages
[2026-01-12T07:52:49.920+01:00 Europe/Madrid] [INFO] decryptAES: Starting decryption
[2026-01-12T07:52:49.920+01:00 Europe/Madrid] [INFO] decryptAES: Encrypted string length: 64
[2026-01-12T07:52:49.920+01:00 Europe/Madrid] [INFO] decryptAES: Secret type: object
[2026-01-12T07:52:49.920+01:00 Europe/Madrid] [INFO] decryptAES: Secret has words: true
[2026-01-12T07:52:49.920+01:00 Europe/Madrid] [INFO] decryptAES: IV (hex): 7549368c41c6808a...
[2026-01-12T07:52:49.920+01:00 Europe/Madrid] [INFO] decryptAES: Key (hex): 068abd414ee67efc...
[2026-01-12T07:52:49.920+01:00 Europe/Madrid] [INFO] decryptAES: AES.decrypt completed
[2026-01-12T07:52:49.920+01:00 Europe/Madrid] [INFO] decryptAES: Decrypted text length: 32
[2026-01-12T07:52:49.920+01:00 Europe/Madrid] [INFO] decryptAES: Decrypted text (first 50): {"data" :[],"rid":1768200769803}
[2026-01-12T07:52:49.920+01:00 Europe/Madrid] [INFO] decryptAES: JSON parsed successfully
[2026-01-12T07:52:49.920+01:00 Europe/Madrid] [INFO] [MyJD] Found 0 packages in /linkgrabberv2/queryPackages
[2026-01-12T07:52:49.920+01:00 Europe/Madrid] [INFO] Found 0 LinkGrabber packages and 7 Download packages
[2026-01-12T07:52:50.074+01:00 Europe/Madrid] [INFO] decryptAES: Starting decryption
[2026-01-12T07:52:50.075+01:00 Europe/Madrid] [INFO] decryptAES: Encrypted string length: 5888
[2026-01-12T07:52:50.075+01:00 Europe/Madrid] [INFO] decryptAES: Secret type: object
[2026-01-12T07:52:50.075+01:00 Europe/Madrid] [INFO] decryptAES: Secret has words: true
[2026-01-12T07:52:50.075+01:00 Europe/Madrid] [INFO] decryptAES: IV (hex): 7549368c41c6808a...
[2026-01-12T07:52:50.075+01:00 Europe/Madrid] [INFO] decryptAES: Key (hex): 068abd414ee67efc...
[2026-01-12T07:52:50.075+01:00 Europe/Madrid] [INFO] decryptAES: AES.decrypt completed
[2026-01-12T07:52:50.076+01:00 Europe/Madrid] [INFO] decryptAES: Decrypted text length: 4409
[2026-01-12T07:52:50.076+01:00 Europe/Madrid] [INFO] decryptAES: Decrypted text (first 50): {"data" :[{"addedDate":1768064363100,"statusIconKe
[2026-01-12T07:52:50.076+01:00 Europe/Madrid] [INFO] decryptAES: JSON parsed successfully
[2026-01-12T07:52:50.177+01:00 Europe/Madrid] [INFO] decryptAES: Starting decryption
[2026-01-12T07:52:50.178+01:00 Europe/Madrid] [INFO] decryptAES: Encrypted string length: 1900
[2026-01-12T07:52:50.178+01:00 Europe/Madrid] [INFO] decryptAES: Secret type: object
[2026-01-12T07:52:50.178+01:00 Europe/Madrid] [INFO] decryptAES: Secret has words: true
[2026-01-12T07:52:50.178+01:00 Europe/Madrid] [INFO] decryptAES: IV (hex): 7549368c41c6808a...
[2026-01-12T07:52:50.178+01:00 Europe/Madrid] [INFO] decryptAES: Key (hex): 068abd414ee67efc...
[2026-01-12T07:52:50.179+01:00 Europe/Madrid] [INFO] decryptAES: AES.decrypt completed
[2026-01-12T07:52:50.179+01:00 Europe/Madrid] [INFO] decryptAES: Decrypted text length: 1409
[2026-01-12T07:52:50.179+01:00 Europe/Madrid] [INFO] decryptAES: Decrypted text (first 50): {"data" :[{"addedDate":1768064363100,"statusIconKe
[2026-01-12T07:52:50.179+01:00 Europe/Madrid] [INFO] decryptAES: JSON parsed successfully
[2026-01-12T07:52:50.289+01:00 Europe/Madrid] [INFO] decryptAES: Starting decryption
[2026-01-12T07:52:50.290+01:00 Europe/Madrid] [INFO] decryptAES: Encrypted string length: 960
[2026-01-12T07:52:50.290+01:00 Europe/Madrid] [INFO] decryptAES: Secret type: object
[2026-01-12T07:52:50.290+01:00 Europe/Madrid] [INFO] decryptAES: Secret has words: true
[2026-01-12T07:52:50.290+01:00 Europe/Madrid] [INFO] decryptAES: IV (hex): 7549368c41c6808a...
[2026-01-12T07:52:50.290+01:00 Europe/Madrid] [INFO] decryptAES: Key (hex): 068abd414ee67efc...
[2026-01-12T07:52:50.290+01:00 Europe/Madrid] [INFO] decryptAES: AES.decrypt completed
[2026-01-12T07:52:50.290+01:00 Europe/Madrid] [INFO] decryptAES: Decrypted text length: 705
[2026-01-12T07:52:50.290+01:00 Europe/Madrid] [INFO] decryptAES: Decrypted text (first 50): {"data" :[{"addedDate":1768064363100,"statusIconKe
[2026-01-12T07:52:50.290+01:00 Europe/Madrid] [INFO] decryptAES: JSON parsed successfully
[2026-01-12T07:52:50.407+01:00 Europe/Madrid] [INFO] decryptAES: Starting decryption
[2026-01-12T07:52:50.407+01:00 Europe/Madrid] [INFO] decryptAES: Encrypted string length: 960
[2026-01-12T07:52:50.407+01:00 Europe/Madrid] [INFO] decryptAES: Secret type: object
[2026-01-12T07:52:50.407+01:00 Europe/Madrid] [INFO] decryptAES: Secret has words: true
[2026-01-12T07:52:50.407+01:00 Europe/Madrid] [INFO] decryptAES: IV (hex): 7549368c41c6808a...
[2026-01-12T07:52:50.407+01:00 Europe/Madrid] [INFO] decryptAES: Key (hex): 068abd414ee67efc...
[2026-01-12T07:52:50.407+01:00 Europe/Madrid] [INFO] decryptAES: AES.decrypt completed
[2026-01-12T07:52:50.407+01:00 Europe/Madrid] [INFO] decryptAES: Decrypted text length: 705
[2026-01-12T07:52:50.407+01:00 Europe/Madrid] [INFO] decryptAES: Decrypted text (first 50): {"data" :[{"addedDate":1768064363100,"statusIconKe
[2026-01-12T07:52:50.408+01:00 Europe/Madrid] [INFO] decryptAES: JSON parsed successfully
[2026-01-12T07:52:50.501+01:00 Europe/Madrid] [INFO] decryptAES: Starting decryption
[2026-01-12T07:52:50.501+01:00 Europe/Madrid] [INFO] decryptAES: Encrypted string length: 960
[2026-01-12T07:52:50.501+01:00 Europe/Madrid] [INFO] decryptAES: Secret type: object
[2026-01-12T07:52:50.501+01:00 Europe/Madrid] [INFO] decryptAES: Secret has words: true
[2026-01-12T07:52:50.501+01:00 Europe/Madrid] [INFO] decryptAES: IV (hex): 7549368c41c6808a...
[2026-01-12T07:52:50.501+01:00 Europe/Madrid] [INFO] decryptAES: Key (hex): 068abd414ee67efc...
[2026-01-12T07:52:50.502+01:00 Europe/Madrid] [INFO] decryptAES: AES.decrypt completed
[2026-01-12T07:52:50.502+01:00 Europe/Madrid] [INFO] decryptAES: Decrypted text length: 705
[2026-01-12T07:52:50.502+01:00 Europe/Madrid] [INFO] decryptAES: Decrypted text (first 50): {"data" :[{"addedDate":1768064363100,"statusIconKe
[2026-01-12T07:52:50.502+01:00 Europe/Madrid] [INFO] decryptAES: JSON parsed successfully
[2026-01-12T07:52:50.602+01:00 Europe/Madrid] [INFO] decryptAES: Starting decryption
[2026-01-12T07:52:50.602+01:00 Europe/Madrid] [INFO] decryptAES: Encrypted string length: 960
[2026-01-12T07:52:50.602+01:00 Europe/Madrid] [INFO] decryptAES: Secret type: object
[2026-01-12T07:52:50.602+01:00 Europe/Madrid] [INFO] decryptAES: Secret has words: true
[2026-01-12T07:52:50.602+01:00 Europe/Madrid] [INFO] decryptAES: IV (hex): 7549368c41c6808a...
[2026-01-12T07:52:50.602+01:00 Europe/Madrid] [INFO] decryptAES: Key (hex): 068abd414ee67efc...
[2026-01-12T07:52:50.602+01:00 Europe/Madrid] [INFO] decryptAES: AES.decrypt completed
[2026-01-12T07:52:50.602+01:00 Europe/Madrid] [INFO] decryptAES: Decrypted text length: 705
[2026-01-12T07:52:50.603+01:00 Europe/Madrid] [INFO] decryptAES: Decrypted text (first 50): {"data" :[{"addedDate":1768064363100,"statusIconKe
[2026-01-12T07:52:50.603+01:00 Europe/Madrid] [INFO] decryptAES: JSON parsed successfully
[2026-01-12T07:52:50.696+01:00 Europe/Madrid] [INFO] decryptAES: Starting decryption
[2026-01-12T07:52:50.696+01:00 Europe/Madrid] [INFO] decryptAES: Encrypted string length: 1068
[2026-01-12T07:52:50.696+01:00 Europe/Madrid] [INFO] decryptAES: Secret type: object
[2026-01-12T07:52:50.697+01:00 Europe/Madrid] [INFO] decryptAES: Secret has words: true
[2026-01-12T07:52:50.697+01:00 Europe/Madrid] [INFO] decryptAES: IV (hex): 7549368c41c6808a...
[2026-01-12T07:52:50.697+01:00 Europe/Madrid] [INFO] decryptAES: Key (hex): 068abd414ee67efc...
[2026-01-12T07:52:50.697+01:00 Europe/Madrid] [INFO] decryptAES: AES.decrypt completed
[2026-01-12T07:52:50.697+01:00 Europe/Madrid] [INFO] decryptAES: Decrypted text length: 791
[2026-01-12T07:52:50.697+01:00 Europe/Madrid] [INFO] decryptAES: Decrypted text (first 50): {"data" :[{"extractionStatus":"SUCCESSFUL","addedD
[2026-01-12T07:52:50.697+01:00 Europe/Madrid] [INFO] decryptAES: JSON parsed successfully
[2026-01-12T07:52:50.697+01:00 Europe/Madrid] [INFO] Total links found: 29
[2026-01-12T07:56:04.734+01:00 Europe/Madrid] [INFO] Iniciando autenticación...
[2026-01-12T07:56:04.734+01:00 Europe/Madrid] [INFO] Email: malevolent@zoho.com
[2026-01-12T07:56:04.734+01:00 Europe/Madrid] [INFO] loginSecret (hex): a904e03eb81111f5...
[2026-01-12T07:56:04.735+01:00 Europe/Madrid] [INFO] loginSecret words count: 8
[2026-01-12T07:56:04.735+01:00 Europe/Madrid] [INFO] firstHalf words: 4
[2026-01-12T07:56:04.735+01:00 Europe/Madrid] [INFO] secondHalf words: 4
[2026-01-12T07:56:04.735+01:00 Europe/Madrid] [INFO] Query: /my/connect?appkey=myjd_webextension_firefox&email=malevolent%40zoho.com&rid=0
[2026-01-12T07:56:04.736+01:00 Europe/Madrid] [INFO] Signature: 5814102a112d9a59...
[2026-01-12T07:56:04.736+01:00 Europe/Madrid] [INFO] Full URL: https://api.jdownloader.org/my/connect?appkey=myjd_webextension_firefox&email=malevolent%40zoho.com&rid=0&signature=5814102a112d9a596ee65b9208e31864b74aba7a252397cf0e30caad8cf62a0f
[2026-01-12T07:56:04.736+01:00 Europe/Madrid] [INFO] Conectando a MyJDownloader...
[2026-01-12T07:56:04.874+01:00 Europe/Madrid] [INFO] Response status: 200
[2026-01-12T07:56:04.875+01:00 Europe/Madrid] [INFO] Response headers {
  "access-control-allow-origin": "*",
  "connection": "keep-alive",
  "content-type": "application/aesjson-server; charset=utf-8",
  "date": "Mon, 12 Jan 2026 06:55:59 GMT",
  "server": "AppWork GmbH NIO-Engine",
  "transfer-encoding": "chunked",
  "x-upstreamaddr": "127.0.0.1:10205",
  "x-upstreamctime": "0.000",
  "x-upstreamhtime": "0.001"
}
[2026-01-12T07:56:04.876+01:00 Europe/Madrid] [INFO] Response (encrypted, length): 192
[2026-01-12T07:56:04.877+01:00 Europe/Madrid] [INFO] Response (encrypted, first 50): d4a7HZuQ01s2PQJlUK4hoAjKirslDfySNj+ryXgfRcb6cUCwe7...
[2026-01-12T07:56:04.877+01:00 Europe/Madrid] [INFO] Attempting to decrypt response...
[2026-01-12T07:56:04.877+01:00 Europe/Madrid] [INFO] decryptAES: Starting decryption
[2026-01-12T07:56:04.877+01:00 Europe/Madrid] [INFO] decryptAES: Encrypted string length: 192
[2026-01-12T07:56:04.877+01:00 Europe/Madrid] [INFO] decryptAES: Secret type: object
[2026-01-12T07:56:04.877+01:00 Europe/Madrid] [INFO] decryptAES: Secret has words: true
[2026-01-12T07:56:04.877+01:00 Europe/Madrid] [INFO] decryptAES: IV (hex): a904e03eb81111f5...
[2026-01-12T07:56:04.877+01:00 Europe/Madrid] [INFO] decryptAES: Key (hex): e20cd71096bec79c...
[2026-01-12T07:56:04.878+01:00 Europe/Madrid] [INFO] decryptAES: AES.decrypt completed
[2026-01-12T07:56:04.878+01:00 Europe/Madrid] [INFO] decryptAES: Decrypted text length: 140
[2026-01-12T07:56:04.879+01:00 Europe/Madrid] [INFO] decryptAES: Decrypted text (first 50): {
  "sessiontoken" : "c83eef74733f84a308fa6a076f4f
[2026-01-12T07:56:04.879+01:00 Europe/Madrid] [INFO] decryptAES: JSON parsed successfully
[2026-01-12T07:56:04.879+01:00 Europe/Madrid] [INFO] Decryption successful!
[2026-01-12T07:56:04.879+01:00 Europe/Madrid] [INFO] Connect data keys: sessiontoken, regaintoken, rid
[2026-01-12T07:56:04.879+01:00 Europe/Madrid] [INFO] Sesión establecida, obteniendo dispositivos...
[2026-01-12T07:56:04.981+01:00 Europe/Madrid] [INFO] decryptAES: Starting decryption
[2026-01-12T07:56:04.981+01:00 Europe/Madrid] [INFO] decryptAES: Encrypted string length: 216
[2026-01-12T07:56:04.981+01:00 Europe/Madrid] [INFO] decryptAES: Secret type: object
[2026-01-12T07:56:04.981+01:00 Europe/Madrid] [INFO] decryptAES: Secret has words: true
[2026-01-12T07:56:04.982+01:00 Europe/Madrid] [INFO] decryptAES: IV (hex): 9233b28b50c9bb22...
[2026-01-12T07:56:04.982+01:00 Europe/Madrid] [INFO] decryptAES: Key (hex): db3221fae9b308b4...
[2026-01-12T07:56:04.982+01:00 Europe/Madrid] [INFO] decryptAES: AES.decrypt completed
[2026-01-12T07:56:04.982+01:00 Europe/Madrid] [INFO] decryptAES: Decrypted text length: 151
[2026-01-12T07:56:04.982+01:00 Europe/Madrid] [INFO] decryptAES: Decrypted text (first 50): {
  "list" : [ {
    "id" : "52d889ac1fa3f0e7b37ce
[2026-01-12T07:56:04.982+01:00 Europe/Madrid] [INFO] decryptAES: JSON parsed successfully
[2026-01-12T07:56:04.982+01:00 Europe/Madrid] [INFO] Dispositivos encontrados: samael
[2026-01-12T07:56:04.982+01:00 Europe/Madrid] [INFO] Autenticación exitosa con dispositivo: Samael (52d889ac1fa3f0e7b37ce2e1dbd86650)
[2026-01-12T07:56:04.983+01:00 Europe/Madrid] [INFO] Getting downloads from LinkGrabber and DownloadController...
[2026-01-12T07:56:04.983+01:00 Europe/Madrid] [INFO] [MyJD] Querying /linkgrabberv2/queryPackages...
[2026-01-12T07:56:04.985+01:00 Europe/Madrid] [INFO] [MyJD] Querying /downloadsV2/queryPackages...
[2026-01-12T07:56:05.081+01:00 Europe/Madrid] [INFO] decryptAES: Starting decryption
[2026-01-12T07:56:05.081+01:00 Europe/Madrid] [INFO] decryptAES: Encrypted string length: 64
[2026-01-12T07:56:05.081+01:00 Europe/Madrid] [INFO] decryptAES: Secret type: object
[2026-01-12T07:56:05.081+01:00 Europe/Madrid] [INFO] decryptAES: Secret has words: true
[2026-01-12T07:56:05.081+01:00 Europe/Madrid] [INFO] decryptAES: IV (hex): ee28996d695597ba...
[2026-01-12T07:56:05.081+01:00 Europe/Madrid] [INFO] decryptAES: Key (hex): 2fe618a9c051a1c4...
[2026-01-12T07:56:05.081+01:00 Europe/Madrid] [INFO] decryptAES: AES.decrypt completed
[2026-01-12T07:56:05.081+01:00 Europe/Madrid] [INFO] decryptAES: Decrypted text length: 32
[2026-01-12T07:56:05.082+01:00 Europe/Madrid] [INFO] decryptAES: Decrypted text (first 50): {"data" :[],"rid":1768200964983}
[2026-01-12T07:56:05.082+01:00 Europe/Madrid] [INFO] decryptAES: JSON parsed successfully
[2026-01-12T07:56:05.082+01:00 Europe/Madrid] [INFO] [MyJD] Found 0 packages in /linkgrabberv2/queryPackages
[2026-01-12T07:56:05.169+01:00 Europe/Madrid] [INFO] decryptAES: Starting decryption
[2026-01-12T07:56:05.169+01:00 Europe/Madrid] [INFO] decryptAES: Encrypted string length: 1280
[2026-01-12T07:56:05.169+01:00 Europe/Madrid] [INFO] decryptAES: Secret type: object
[2026-01-12T07:56:05.169+01:00 Europe/Madrid] [INFO] decryptAES: Secret has words: true
[2026-01-12T07:56:05.169+01:00 Europe/Madrid] [INFO] decryptAES: IV (hex): ee28996d695597ba...
[2026-01-12T07:56:05.169+01:00 Europe/Madrid] [INFO] decryptAES: Key (hex): 2fe618a9c051a1c4...
[2026-01-12T07:56:05.170+01:00 Europe/Madrid] [INFO] decryptAES: AES.decrypt completed
[2026-01-12T07:56:05.170+01:00 Europe/Madrid] [INFO] decryptAES: Decrypted text length: 953
[2026-01-12T07:56:05.170+01:00 Europe/Madrid] [INFO] decryptAES: Decrypted text (first 50): {"data" :[{"saveTo":"/output/Breaking bad x265 216
[2026-01-12T07:56:05.170+01:00 Europe/Madrid] [INFO] decryptAES: JSON parsed successfully
[2026-01-12T07:56:05.170+01:00 Europe/Madrid] [INFO] [MyJD] Found 7 packages in /downloadsV2/queryPackages
[2026-01-12T07:56:05.170+01:00 Europe/Madrid] [INFO] Found 0 LinkGrabber packages and 7 Download packages
[2026-01-12T07:56:05.350+01:00 Europe/Madrid] [INFO] decryptAES: Starting decryption
[2026-01-12T07:56:05.350+01:00 Europe/Madrid] [INFO] decryptAES: Encrypted string length: 5888
[2026-01-12T07:56:05.351+01:00 Europe/Madrid] [INFO] decryptAES: Secret type: object
[2026-01-12T07:56:05.351+01:00 Europe/Madrid] [INFO] decryptAES: Secret has words: true
[2026-01-12T07:56:05.351+01:00 Europe/Madrid] [INFO] decryptAES: IV (hex): ee28996d695597ba...
[2026-01-12T07:56:05.351+01:00 Europe/Madrid] [INFO] decryptAES: Key (hex): 2fe618a9c051a1c4...
[2026-01-12T07:56:05.352+01:00 Europe/Madrid] [INFO] decryptAES: AES.decrypt completed
[2026-01-12T07:56:05.353+01:00 Europe/Madrid] [INFO] decryptAES: Decrypted text length: 4409
[2026-01-12T07:56:05.353+01:00 Europe/Madrid] [INFO] decryptAES: Decrypted text (first 50): {"data" :[{"addedDate":1768064363100,"statusIconKe
[2026-01-12T07:56:05.353+01:00 Europe/Madrid] [INFO] decryptAES: JSON parsed successfully
[2026-01-12T07:56:05.469+01:00 Europe/Madrid] [INFO] decryptAES: Starting decryption
[2026-01-12T07:56:05.470+01:00 Europe/Madrid] [INFO] decryptAES: Encrypted string length: 1900
[2026-01-12T07:56:05.470+01:00 Europe/Madrid] [INFO] decryptAES: Secret type: object
[2026-01-12T07:56:05.470+01:00 Europe/Madrid] [INFO] decryptAES: Secret has words: true
[2026-01-12T07:56:05.470+01:00 Europe/Madrid] [INFO] decryptAES: IV (hex): ee28996d695597ba...
[2026-01-12T07:56:05.470+01:00 Europe/Madrid] [INFO] decryptAES: Key (hex): 2fe618a9c051a1c4...
[2026-01-12T07:56:05.470+01:00 Europe/Madrid] [INFO] decryptAES: AES.decrypt completed
[2026-01-12T07:56:05.471+01:00 Europe/Madrid] [INFO] decryptAES: Decrypted text length: 1409
[2026-01-12T07:56:05.471+01:00 Europe/Madrid] [INFO] decryptAES: Decrypted text (first 50): {"data" :[{"addedDate":1768064363100,"statusIconKe
[2026-01-12T07:56:05.471+01:00 Europe/Madrid] [INFO] decryptAES: JSON parsed successfully
[2026-01-12T07:56:05.619+01:00 Europe/Madrid] [INFO] decryptAES: Starting decryption
[2026-01-12T07:56:05.620+01:00 Europe/Madrid] [INFO] decryptAES: Encrypted string length: 960
[2026-01-12T07:56:05.620+01:00 Europe/Madrid] [INFO] decryptAES: Secret type: object
[2026-01-12T07:56:05.620+01:00 Europe/Madrid] [INFO] decryptAES: Secret has words: true
[2026-01-12T07:56:05.620+01:00 Europe/Madrid] [INFO] decryptAES: IV (hex): ee28996d695597ba...
[2026-01-12T07:56:05.620+01:00 Europe/Madrid] [INFO] decryptAES: Key (hex): 2fe618a9c051a1c4...
[2026-01-12T07:56:05.620+01:00 Europe/Madrid] [INFO] decryptAES: AES.decrypt completed
[2026-01-12T07:56:05.621+01:00 Europe/Madrid] [INFO] decryptAES: Decrypted text length: 705
[2026-01-12T07:56:05.621+01:00 Europe/Madrid] [INFO] decryptAES: Decrypted text (first 50): {"data" :[{"addedDate":1768064363100,"statusIconKe
[2026-01-12T07:56:05.621+01:00 Europe/Madrid] [INFO] decryptAES: JSON parsed successfully
[2026-01-12T07:56:05.731+01:00 Europe/Madrid] [INFO] decryptAES: Starting decryption
[2026-01-12T07:56:05.731+01:00 Europe/Madrid] [INFO] decryptAES: Encrypted string length: 960
[2026-01-12T07:56:05.731+01:00 Europe/Madrid] [INFO] decryptAES: Secret type: object
[2026-01-12T07:56:05.731+01:00 Europe/Madrid] [INFO] decryptAES: Secret has words: true
[2026-01-12T07:56:05.731+01:00 Europe/Madrid] [INFO] decryptAES: IV (hex): ee28996d695597ba...
[2026-01-12T07:56:05.732+01:00 Europe/Madrid] [INFO] decryptAES: Key (hex): 2fe618a9c051a1c4...
[2026-01-12T07:56:05.732+01:00 Europe/Madrid] [INFO] decryptAES: AES.decrypt completed
[2026-01-12T07:56:05.732+01:00 Europe/Madrid] [INFO] decryptAES: Decrypted text length: 705
[2026-01-12T07:56:05.732+01:00 Europe/Madrid] [INFO] decryptAES: Decrypted text (first 50): {"data" :[{"addedDate":1768064363100,"statusIconKe
[2026-01-12T07:56:05.732+01:00 Europe/Madrid] [INFO] decryptAES: JSON parsed successfully
[2026-01-12T07:56:05.833+01:00 Europe/Madrid] [INFO] decryptAES: Starting decryption
[2026-01-12T07:56:05.833+01:00 Europe/Madrid] [INFO] decryptAES: Encrypted string length: 960
[2026-01-12T07:56:05.833+01:00 Europe/Madrid] [INFO] decryptAES: Secret type: object
[2026-01-12T07:56:05.833+01:00 Europe/Madrid] [INFO] decryptAES: Secret has words: true
[2026-01-12T07:56:05.833+01:00 Europe/Madrid] [INFO] decryptAES: IV (hex): ee28996d695597ba...
[2026-01-12T07:56:05.833+01:00 Europe/Madrid] [INFO] decryptAES: Key (hex): 2fe618a9c051a1c4...
[2026-01-12T07:56:05.833+01:00 Europe/Madrid] [INFO] decryptAES: AES.decrypt completed
[2026-01-12T07:56:05.834+01:00 Europe/Madrid] [INFO] decryptAES: Decrypted text length: 705
[2026-01-12T07:56:05.834+01:00 Europe/Madrid] [INFO] decryptAES: Decrypted text (first 50): {"data" :[{"addedDate":1768064363100,"statusIconKe
[2026-01-12T07:56:05.834+01:00 Europe/Madrid] [INFO] decryptAES: JSON parsed successfully
[2026-01-12T07:56:05.931+01:00 Europe/Madrid] [INFO] decryptAES: Starting decryption
[2026-01-12T07:56:05.931+01:00 Europe/Madrid] [INFO] decryptAES: Encrypted string length: 960
[2026-01-12T07:56:05.931+01:00 Europe/Madrid] [INFO] decryptAES: Secret type: object
[2026-01-12T07:56:05.931+01:00 Europe/Madrid] [INFO] decryptAES: Secret has words: true
[2026-01-12T07:56:05.931+01:00 Europe/Madrid] [INFO] decryptAES: IV (hex): ee28996d695597ba...
[2026-01-12T07:56:05.931+01:00 Europe/Madrid] [INFO] decryptAES: Key (hex): 2fe618a9c051a1c4...
[2026-01-12T07:56:05.932+01:00 Europe/Madrid] [INFO] decryptAES: AES.decrypt completed
[2026-01-12T07:56:05.932+01:00 Europe/Madrid] [INFO] decryptAES: Decrypted text length: 705
[2026-01-12T07:56:05.932+01:00 Europe/Madrid] [INFO] decryptAES: Decrypted text (first 50): {"data" :[{"addedDate":1768064363100,"statusIconKe
[2026-01-12T07:56:05.932+01:00 Europe/Madrid] [INFO] decryptAES: JSON parsed successfully
[2026-01-12T07:56:06.049+01:00 Europe/Madrid] [INFO] decryptAES: Starting decryption
[2026-01-12T07:56:06.049+01:00 Europe/Madrid] [INFO] decryptAES: Encrypted string length: 1068
[2026-01-12T07:56:06.049+01:00 Europe/Madrid] [INFO] decryptAES: Secret type: object
[2026-01-12T07:56:06.049+01:00 Europe/Madrid] [INFO] decryptAES: Secret has words: true
[2026-01-12T07:56:06.049+01:00 Europe/Madrid] [INFO] decryptAES: IV (hex): ee28996d695597ba...
[2026-01-12T07:56:06.049+01:00 Europe/Madrid] [INFO] decryptAES: Key (hex): 2fe618a9c051a1c4...
[2026-01-12T07:56:06.049+01:00 Europe/Madrid] [INFO] decryptAES: AES.decrypt completed
[2026-01-12T07:56:06.050+01:00 Europe/Madrid] [INFO] decryptAES: Decrypted text length: 791
[2026-01-12T07:56:06.050+01:00 Europe/Madrid] [INFO] decryptAES: Decrypted text (first 50): {"data" :[{"extractionStatus":"SUCCESSFUL","addedD
[2026-01-12T07:56:06.050+01:00 Europe/Madrid] [INFO] decryptAES: JSON parsed successfully
[2026-01-12T07:56:06.050+01:00 Europe/Madrid] [INFO] Total links found: 29
[2026-01-12T07:56:12.614+01:00 Europe/Madrid] [INFO] Iniciando autenticación...
[2026-01-12T07:56:12.615+01:00 Europe/Madrid] [INFO] Email: malevolent@zoho.com
[2026-01-12T07:56:12.615+01:00 Europe/Madrid] [INFO] loginSecret (hex): a904e03eb81111f5...
[2026-01-12T07:56:12.615+01:00 Europe/Madrid] [INFO] loginSecret words count: 8
[2026-01-12T07:56:12.615+01:00 Europe/Madrid] [INFO] firstHalf words: 4
[2026-01-12T07:56:12.615+01:00 Europe/Madrid] [INFO] secondHalf words: 4
[2026-01-12T07:56:12.616+01:00 Europe/Madrid] [INFO] Query: /my/connect?appkey=myjd_webextension_firefox&email=malevolent%40zoho.com&rid=0
[2026-01-12T07:56:12.616+01:00 Europe/Madrid] [INFO] Signature: 5814102a112d9a59...
[2026-01-12T07:56:12.616+01:00 Europe/Madrid] [INFO] Full URL: https://api.jdownloader.org/my/connect?appkey=myjd_webextension_firefox&email=malevolent%40zoho.com&rid=0&signature=5814102a112d9a596ee65b9208e31864b74aba7a252397cf0e30caad8cf62a0f
[2026-01-12T07:56:12.616+01:00 Europe/Madrid] [INFO] Conectando a MyJDownloader...
[2026-01-12T07:56:12.743+01:00 Europe/Madrid] [INFO] Response status: 200
[2026-01-12T07:56:12.743+01:00 Europe/Madrid] [INFO] Response headers {
  "access-control-allow-origin": "*",
  "connection": "keep-alive",
  "content-type": "application/aesjson-server; charset=utf-8",
  "date": "Mon, 12 Jan 2026 06:56:07 GMT",
  "server": "AppWork GmbH NIO-Engine",
  "transfer-encoding": "chunked",
  "x-upstreamaddr": "127.0.0.1:10202",
  "x-upstreamctime": "0.001",
  "x-upstreamhtime": "0.002"
}
[2026-01-12T07:56:12.744+01:00 Europe/Madrid] [INFO] Response (encrypted, length): 192
[2026-01-12T07:56:12.744+01:00 Europe/Madrid] [INFO] Response (encrypted, first 50): d4a7HZuQ01s2PQJlUK4hoOC7qUzTJnC17m5/79qZbH/R37jTf1...
[2026-01-12T07:56:12.744+01:00 Europe/Madrid] [INFO] Attempting to decrypt response...
[2026-01-12T07:56:12.744+01:00 Europe/Madrid] [INFO] decryptAES: Starting decryption
[2026-01-12T07:56:12.744+01:00 Europe/Madrid] [INFO] decryptAES: Encrypted string length: 192
[2026-01-12T07:56:12.744+01:00 Europe/Madrid] [INFO] decryptAES: Secret type: object
[2026-01-12T07:56:12.745+01:00 Europe/Madrid] [INFO] decryptAES: Secret has words: true
[2026-01-12T07:56:12.745+01:00 Europe/Madrid] [INFO] decryptAES: IV (hex): a904e03eb81111f5...
[2026-01-12T07:56:12.745+01:00 Europe/Madrid] [INFO] decryptAES: Key (hex): e20cd71096bec79c...
[2026-01-12T07:56:12.746+01:00 Europe/Madrid] [INFO] decryptAES: AES.decrypt completed
[2026-01-12T07:56:12.746+01:00 Europe/Madrid] [INFO] decryptAES: Decrypted text length: 140
[2026-01-12T07:56:12.746+01:00 Europe/Madrid] [INFO] decryptAES: Decrypted text (first 50): {
  "sessiontoken" : "70c7db661a01d78534e64934223c
[2026-01-12T07:56:12.746+01:00 Europe/Madrid] [INFO] decryptAES: JSON parsed successfully
[2026-01-12T07:56:12.746+01:00 Europe/Madrid] [INFO] Decryption successful!
[2026-01-12T07:56:12.746+01:00 Europe/Madrid] [INFO] Connect data keys: sessiontoken, regaintoken, rid
[2026-01-12T07:56:12.746+01:00 Europe/Madrid] [INFO] Sesión establecida, obteniendo dispositivos...
[2026-01-12T07:56:12.844+01:00 Europe/Madrid] [INFO] decryptAES: Starting decryption
[2026-01-12T07:56:12.844+01:00 Europe/Madrid] [INFO] decryptAES: Encrypted string length: 216
[2026-01-12T07:56:12.844+01:00 Europe/Madrid] [INFO] decryptAES: Secret type: object
[2026-01-12T07:56:12.844+01:00 Europe/Madrid] [INFO] decryptAES: Secret has words: true
[2026-01-12T07:56:12.844+01:00 Europe/Madrid] [INFO] decryptAES: IV (hex): f64e9e0b2742cd6a...
[2026-01-12T07:56:12.844+01:00 Europe/Madrid] [INFO] decryptAES: Key (hex): 4836b4cf6967944b...
[2026-01-12T07:56:12.845+01:00 Europe/Madrid] [INFO] decryptAES: AES.decrypt completed
[2026-01-12T07:56:12.845+01:00 Europe/Madrid] [INFO] decryptAES: Decrypted text length: 151
[2026-01-12T07:56:12.845+01:00 Europe/Madrid] [INFO] decryptAES: Decrypted text (first 50): {
  "list" : [ {
    "id" : "52d889ac1fa3f0e7b37ce
[2026-01-12T07:56:12.845+01:00 Europe/Madrid] [INFO] decryptAES: JSON parsed successfully
[2026-01-12T07:56:12.845+01:00 Europe/Madrid] [INFO] Dispositivos encontrados: samael
[2026-01-12T07:56:12.845+01:00 Europe/Madrid] [INFO] Autenticación exitosa con dispositivo: Samael (52d889ac1fa3f0e7b37ce2e1dbd86650)
[2026-01-12T07:56:12.845+01:00 Europe/Madrid] [INFO] Getting downloads from LinkGrabber and DownloadController...
[2026-01-12T07:56:12.846+01:00 Europe/Madrid] [INFO] [MyJD] Querying /linkgrabberv2/queryPackages...
[2026-01-12T07:56:12.846+01:00 Europe/Madrid] [INFO] [MyJD] Querying /downloadsV2/queryPackages...
[2026-01-12T07:56:13.099+01:00 Europe/Madrid] [INFO] decryptAES: Starting decryption
[2026-01-12T07:56:13.099+01:00 Europe/Madrid] [INFO] decryptAES: Encrypted string length: 64
[2026-01-12T07:56:13.100+01:00 Europe/Madrid] [INFO] decryptAES: Secret type: object
[2026-01-12T07:56:13.100+01:00 Europe/Madrid] [INFO] decryptAES: Secret has words: true
[2026-01-12T07:56:13.100+01:00 Europe/Madrid] [INFO] decryptAES: IV (hex): dd2917c0c76f54cc...
[2026-01-12T07:56:13.100+01:00 Europe/Madrid] [INFO] decryptAES: Key (hex): d3e5fb9273c42eb1...
[2026-01-12T07:56:13.100+01:00 Europe/Madrid] [INFO] decryptAES: AES.decrypt completed
[2026-01-12T07:56:13.100+01:00 Europe/Madrid] [INFO] decryptAES: Decrypted text length: 32
[2026-01-12T07:56:13.100+01:00 Europe/Madrid] [INFO] decryptAES: Decrypted text (first 50): {"data" :[],"rid":1768200972845}
[2026-01-12T07:56:13.100+01:00 Europe/Madrid] [INFO] decryptAES: JSON parsed successfully
[2026-01-12T07:56:13.101+01:00 Europe/Madrid] [INFO] [MyJD] Found 0 packages in /linkgrabberv2/queryPackages
[2026-01-12T07:56:13.373+01:00 Europe/Madrid] [INFO] decryptAES: Starting decryption
[2026-01-12T07:56:13.373+01:00 Europe/Madrid] [INFO] decryptAES: Encrypted string length: 1280
[2026-01-12T07:56:13.374+01:00 Europe/Madrid] [INFO] decryptAES: Secret type: object
[2026-01-12T07:56:13.374+01:00 Europe/Madrid] [INFO] decryptAES: Secret has words: true
[2026-01-12T07:56:13.374+01:00 Europe/Madrid] [INFO] decryptAES: IV (hex): dd2917c0c76f54cc...
[2026-01-12T07:56:13.374+01:00 Europe/Madrid] [INFO] decryptAES: Key (hex): d3e5fb9273c42eb1...
[2026-01-12T07:56:13.374+01:00 Europe/Madrid] [INFO] decryptAES: AES.decrypt completed
[2026-01-12T07:56:13.374+01:00 Europe/Madrid] [INFO] decryptAES: Decrypted text length: 953
[2026-01-12T07:56:13.374+01:00 Europe/Madrid] [INFO] decryptAES: Decrypted text (first 50): {"data" :[{"saveTo":"/output/Breaking bad x265 216
[2026-01-12T07:56:13.375+01:00 Europe/Madrid] [INFO] decryptAES: JSON parsed successfully
[2026-01-12T07:56:13.375+01:00 Europe/Madrid] [INFO] [MyJD] Found 7 packages in /downloadsV2/queryPackages
[2026-01-12T07:56:13.375+01:00 Europe/Madrid] [INFO] Found 0 LinkGrabber packages and 7 Download packages
[2026-01-12T07:56:13.564+01:00 Europe/Madrid] [INFO] decryptAES: Starting decryption
[2026-01-12T07:56:13.565+01:00 Europe/Madrid] [INFO] decryptAES: Encrypted string length: 5888
[2026-01-12T07:56:13.565+01:00 Europe/Madrid] [INFO] decryptAES: Secret type: object
[2026-01-12T07:56:13.565+01:00 Europe/Madrid] [INFO] decryptAES: Secret has words: true
[2026-01-12T07:56:13.565+01:00 Europe/Madrid] [INFO] decryptAES: IV (hex): dd2917c0c76f54cc...
[2026-01-12T07:56:13.565+01:00 Europe/Madrid] [INFO] decryptAES: Key (hex): d3e5fb9273c42eb1...
[2026-01-12T07:56:13.566+01:00 Europe/Madrid] [INFO] decryptAES: AES.decrypt completed
[2026-01-12T07:56:13.567+01:00 Europe/Madrid] [INFO] decryptAES: Decrypted text length: 4409
[2026-01-12T07:56:13.567+01:00 Europe/Madrid] [INFO] decryptAES: Decrypted text (first 50): {"data" :[{"addedDate":1768064363100,"statusIconKe
[2026-01-12T07:56:13.567+01:00 Europe/Madrid] [INFO] decryptAES: JSON parsed successfully
[2026-01-12T07:56:13.661+01:00 Europe/Madrid] [INFO] decryptAES: Starting decryption
[2026-01-12T07:56:13.661+01:00 Europe/Madrid] [INFO] decryptAES: Encrypted string length: 1900
[2026-01-12T07:56:13.661+01:00 Europe/Madrid] [INFO] decryptAES: Secret type: object
[2026-01-12T07:56:13.661+01:00 Europe/Madrid] [INFO] decryptAES: Secret has words: true
[2026-01-12T07:56:13.661+01:00 Europe/Madrid] [INFO] decryptAES: IV (hex): dd2917c0c76f54cc...
[2026-01-12T07:56:13.661+01:00 Europe/Madrid] [INFO] decryptAES: Key (hex): d3e5fb9273c42eb1...
[2026-01-12T07:56:13.662+01:00 Europe/Madrid] [INFO] decryptAES: AES.decrypt completed
[2026-01-12T07:56:13.662+01:00 Europe/Madrid] [INFO] decryptAES: Decrypted text length: 1409
[2026-01-12T07:56:13.662+01:00 Europe/Madrid] [INFO] decryptAES: Decrypted text (first 50): {"data" :[{"addedDate":1768064363100,"statusIconKe
[2026-01-12T07:56:13.662+01:00 Europe/Madrid] [INFO] decryptAES: JSON parsed successfully
[2026-01-12T07:56:13.756+01:00 Europe/Madrid] [INFO] decryptAES: Starting decryption
[2026-01-12T07:56:13.757+01:00 Europe/Madrid] [INFO] decryptAES: Encrypted string length: 960
[2026-01-12T07:56:13.757+01:00 Europe/Madrid] [INFO] decryptAES: Secret type: object
[2026-01-12T07:56:13.757+01:00 Europe/Madrid] [INFO] decryptAES: Secret has words: true
[2026-01-12T07:56:13.757+01:00 Europe/Madrid] [INFO] decryptAES: IV (hex): dd2917c0c76f54cc...
[2026-01-12T07:56:13.757+01:00 Europe/Madrid] [INFO] decryptAES: Key (hex): d3e5fb9273c42eb1...
[2026-01-12T07:56:13.757+01:00 Europe/Madrid] [INFO] decryptAES: AES.decrypt completed
[2026-01-12T07:56:13.757+01:00 Europe/Madrid] [INFO] decryptAES: Decrypted text length: 705
[2026-01-12T07:56:13.757+01:00 Europe/Madrid] [INFO] decryptAES: Decrypted text (first 50): {"data" :[{"addedDate":1768064363100,"statusIconKe
[2026-01-12T07:56:13.757+01:00 Europe/Madrid] [INFO] decryptAES: JSON parsed successfully
[2026-01-12T07:56:13.865+01:00 Europe/Madrid] [INFO] decryptAES: Starting decryption
[2026-01-12T07:56:13.865+01:00 Europe/Madrid] [INFO] decryptAES: Encrypted string length: 960
[2026-01-12T07:56:13.866+01:00 Europe/Madrid] [INFO] decryptAES: Secret type: object
[2026-01-12T07:56:13.866+01:00 Europe/Madrid] [INFO] decryptAES: Secret has words: true
[2026-01-12T07:56:13.866+01:00 Europe/Madrid] [INFO] decryptAES: IV (hex): dd2917c0c76f54cc...
[2026-01-12T07:56:13.866+01:00 Europe/Madrid] [INFO] decryptAES: Key (hex): d3e5fb9273c42eb1...
[2026-01-12T07:56:13.866+01:00 Europe/Madrid] [INFO] decryptAES: AES.decrypt completed
[2026-01-12T07:56:13.866+01:00 Europe/Madrid] [INFO] decryptAES: Decrypted text length: 705
[2026-01-12T07:56:13.866+01:00 Europe/Madrid] [INFO] decryptAES: Decrypted text (first 50): {"data" :[{"addedDate":1768064363100,"statusIconKe
[2026-01-12T07:56:13.866+01:00 Europe/Madrid] [INFO] decryptAES: JSON parsed successfully
[2026-01-12T07:56:13.974+01:00 Europe/Madrid] [INFO] decryptAES: Starting decryption
[2026-01-12T07:56:13.974+01:00 Europe/Madrid] [INFO] decryptAES: Encrypted string length: 960
[2026-01-12T07:56:13.974+01:00 Europe/Madrid] [INFO] decryptAES: Secret type: object
[2026-01-12T07:56:13.974+01:00 Europe/Madrid] [INFO] decryptAES: Secret has words: true
[2026-01-12T07:56:13.974+01:00 Europe/Madrid] [INFO] decryptAES: IV (hex): dd2917c0c76f54cc...
[2026-01-12T07:56:13.974+01:00 Europe/Madrid] [INFO] decryptAES: Key (hex): d3e5fb9273c42eb1...
[2026-01-12T07:56:13.974+01:00 Europe/Madrid] [INFO] decryptAES: AES.decrypt completed
[2026-01-12T07:56:13.974+01:00 Europe/Madrid] [INFO] decryptAES: Decrypted text length: 705
[2026-01-12T07:56:13.975+01:00 Europe/Madrid] [INFO] decryptAES: Decrypted text (first 50): {"data" :[{"addedDate":1768064363100,"statusIconKe
[2026-01-12T07:56:13.975+01:00 Europe/Madrid] [INFO] decryptAES: JSON parsed successfully
[2026-01-12T07:56:14.077+01:00 Europe/Madrid] [INFO] decryptAES: Starting decryption
[2026-01-12T07:56:14.077+01:00 Europe/Madrid] [INFO] decryptAES: Encrypted string length: 960
[2026-01-12T07:56:14.078+01:00 Europe/Madrid] [INFO] decryptAES: Secret type: object
[2026-01-12T07:56:14.078+01:00 Europe/Madrid] [INFO] decryptAES: Secret has words: true
[2026-01-12T07:56:14.079+01:00 Europe/Madrid] [INFO] decryptAES: IV (hex): dd2917c0c76f54cc...
[2026-01-12T07:56:14.079+01:00 Europe/Madrid] [INFO] decryptAES: Key (hex): d3e5fb9273c42eb1...
[2026-01-12T07:56:14.080+01:00 Europe/Madrid] [INFO] decryptAES: AES.decrypt completed
[2026-01-12T07:56:14.080+01:00 Europe/Madrid] [INFO] decryptAES: Decrypted text length: 705
[2026-01-12T07:56:14.081+01:00 Europe/Madrid] [INFO] decryptAES: Decrypted text (first 50): {"data" :[{"addedDate":1768064363100,"statusIconKe
[2026-01-12T07:56:14.081+01:00 Europe/Madrid] [INFO] decryptAES: JSON parsed successfully
[2026-01-12T07:56:14.191+01:00 Europe/Madrid] [INFO] decryptAES: Starting decryption
[2026-01-12T07:56:14.191+01:00 Europe/Madrid] [INFO] decryptAES: Encrypted string length: 1068
[2026-01-12T07:56:14.192+01:00 Europe/Madrid] [INFO] decryptAES: Secret type: object
[2026-01-12T07:56:14.192+01:00 Europe/Madrid] [INFO] decryptAES: Secret has words: true
[2026-01-12T07:56:14.192+01:00 Europe/Madrid] [INFO] decryptAES: IV (hex): dd2917c0c76f54cc...
[2026-01-12T07:56:14.192+01:00 Europe/Madrid] [INFO] decryptAES: Key (hex): d3e5fb9273c42eb1...
[2026-01-12T07:56:14.192+01:00 Europe/Madrid] [INFO] decryptAES: AES.decrypt completed
[2026-01-12T07:56:14.192+01:00 Europe/Madrid] [INFO] decryptAES: Decrypted text length: 791
[2026-01-12T07:56:14.192+01:00 Europe/Madrid] [INFO] decryptAES: Decrypted text (first 50): {"data" :[{"extractionStatus":"SUCCESSFUL","addedD
[2026-01-12T07:56:14.192+01:00 Europe/Madrid] [INFO] decryptAES: JSON parsed successfully
[2026-01-12T07:56:14.193+01:00 Europe/Madrid] [INFO] Total links found: 29
[2026-01-12T07:56:20.596+01:00 Europe/Madrid] [INFO] Iniciando autenticación...
[2026-01-12T07:56:20.596+01:00 Europe/Madrid] [INFO] Email: malevolent@zoho.com
[2026-01-12T07:56:20.597+01:00 Europe/Madrid] [INFO] loginSecret (hex): a904e03eb81111f5...
[2026-01-12T07:56:20.597+01:00 Europe/Madrid] [INFO] loginSecret words count: 8
[2026-01-12T07:56:20.597+01:00 Europe/Madrid] [INFO] firstHalf words: 4
[2026-01-12T07:56:20.597+01:00 Europe/Madrid] [INFO] secondHalf words: 4
[2026-01-12T07:56:20.597+01:00 Europe/Madrid] [INFO] Query: /my/connect?appkey=myjd_webextension_firefox&email=malevolent%40zoho.com&rid=0
[2026-01-12T07:56:20.597+01:00 Europe/Madrid] [INFO] Signature: 5814102a112d9a59...
[2026-01-12T07:56:20.597+01:00 Europe/Madrid] [INFO] Full URL: https://api.jdownloader.org/my/connect?appkey=myjd_webextension_firefox&email=malevolent%40zoho.com&rid=0&signature=5814102a112d9a596ee65b9208e31864b74aba7a252397cf0e30caad8cf62a0f
[2026-01-12T07:56:20.598+01:00 Europe/Madrid] [INFO] Conectando a MyJDownloader...
[2026-01-12T07:56:20.713+01:00 Europe/Madrid] [INFO] Response status: 200
[2026-01-12T07:56:20.714+01:00 Europe/Madrid] [INFO] Response headers {
  "access-control-allow-origin": "*",
  "connection": "keep-alive",
  "content-type": "application/aesjson-server; charset=utf-8",
  "date": "Mon, 12 Jan 2026 06:56:15 GMT",
  "server": "AppWork GmbH NIO-Engine",
  "transfer-encoding": "chunked",
  "x-upstreamaddr": "127.0.0.1:10201",
  "x-upstreamctime": "0.000",
  "x-upstreamhtime": "0.000"
}
[2026-01-12T07:56:20.714+01:00 Europe/Madrid] [INFO] Response (encrypted, length): 192
[2026-01-12T07:56:20.714+01:00 Europe/Madrid] [INFO] Response (encrypted, first 50): d4a7HZuQ01s2PQJlUK4hoNrO/e7yI27EoAslSylsJPQPChwMhM...
[2026-01-12T07:56:20.714+01:00 Europe/Madrid] [INFO] Attempting to decrypt response...
[2026-01-12T07:56:20.714+01:00 Europe/Madrid] [INFO] decryptAES: Starting decryption
[2026-01-12T07:56:20.714+01:00 Europe/Madrid] [INFO] decryptAES: Encrypted string length: 192
[2026-01-12T07:56:20.714+01:00 Europe/Madrid] [INFO] decryptAES: Secret type: object
[2026-01-12T07:56:20.714+01:00 Europe/Madrid] [INFO] decryptAES: Secret has words: true
[2026-01-12T07:56:20.715+01:00 Europe/Madrid] [INFO] decryptAES: IV (hex): a904e03eb81111f5...
[2026-01-12T07:56:20.715+01:00 Europe/Madrid] [INFO] decryptAES: Key (hex): e20cd71096bec79c...
[2026-01-12T07:56:20.715+01:00 Europe/Madrid] [INFO] decryptAES: AES.decrypt completed
[2026-01-12T07:56:20.715+01:00 Europe/Madrid] [INFO] decryptAES: Decrypted text length: 140
[2026-01-12T07:56:20.715+01:00 Europe/Madrid] [INFO] decryptAES: Decrypted text (first 50): {
  "sessiontoken" : "f0d06cbd8de89665d44b703ae2b2
[2026-01-12T07:56:20.715+01:00 Europe/Madrid] [INFO] decryptAES: JSON parsed successfully
[2026-01-12T07:56:20.715+01:00 Europe/Madrid] [INFO] Decryption successful!
[2026-01-12T07:56:20.715+01:00 Europe/Madrid] [INFO] Connect data keys: sessiontoken, regaintoken, rid
[2026-01-12T07:56:20.715+01:00 Europe/Madrid] [INFO] Sesión establecida, obteniendo dispositivos...
[2026-01-12T07:56:20.839+01:00 Europe/Madrid] [INFO] decryptAES: Starting decryption
[2026-01-12T07:56:20.839+01:00 Europe/Madrid] [INFO] decryptAES: Encrypted string length: 216
[2026-01-12T07:56:20.839+01:00 Europe/Madrid] [INFO] decryptAES: Secret type: object
[2026-01-12T07:56:20.839+01:00 Europe/Madrid] [INFO] decryptAES: Secret has words: true
[2026-01-12T07:56:20.839+01:00 Europe/Madrid] [INFO] decryptAES: IV (hex): 936dd83a206cf78c...
[2026-01-12T07:56:20.839+01:00 Europe/Madrid] [INFO] decryptAES: Key (hex): 221dc609203b6229...
[2026-01-12T07:56:20.840+01:00 Europe/Madrid] [INFO] decryptAES: AES.decrypt completed
[2026-01-12T07:56:20.840+01:00 Europe/Madrid] [INFO] decryptAES: Decrypted text length: 151
[2026-01-12T07:56:20.840+01:00 Europe/Madrid] [INFO] decryptAES: Decrypted text (first 50): {
  "list" : [ {
    "id" : "52d889ac1fa3f0e7b37ce
[2026-01-12T07:56:20.840+01:00 Europe/Madrid] [INFO] decryptAES: JSON parsed successfully
[2026-01-12T07:56:20.840+01:00 Europe/Madrid] [INFO] Dispositivos encontrados: samael
[2026-01-12T07:56:20.840+01:00 Europe/Madrid] [INFO] Autenticación exitosa con dispositivo: Samael (52d889ac1fa3f0e7b37ce2e1dbd86650)
[2026-01-12T07:56:20.840+01:00 Europe/Madrid] [INFO] Getting downloads from LinkGrabber and DownloadController...
[2026-01-12T07:56:20.841+01:00 Europe/Madrid] [INFO] [MyJD] Querying /linkgrabberv2/queryPackages...
[2026-01-12T07:56:20.841+01:00 Europe/Madrid] [INFO] [MyJD] Querying /downloadsV2/queryPackages...
[2026-01-12T07:56:20.955+01:00 Europe/Madrid] [INFO] decryptAES: Starting decryption
[2026-01-12T07:56:20.955+01:00 Europe/Madrid] [INFO] decryptAES: Encrypted string length: 64
[2026-01-12T07:56:20.956+01:00 Europe/Madrid] [INFO] decryptAES: Secret type: object
[2026-01-12T07:56:20.956+01:00 Europe/Madrid] [INFO] decryptAES: Secret has words: true
[2026-01-12T07:56:20.956+01:00 Europe/Madrid] [INFO] decryptAES: IV (hex): 52f930d97073f718...
[2026-01-12T07:56:20.956+01:00 Europe/Madrid] [INFO] decryptAES: Key (hex): 9787bf768f1c834e...
[2026-01-12T07:56:20.956+01:00 Europe/Madrid] [INFO] decryptAES: AES.decrypt completed
[2026-01-12T07:56:20.956+01:00 Europe/Madrid] [INFO] decryptAES: Decrypted text length: 32
[2026-01-12T07:56:20.956+01:00 Europe/Madrid] [INFO] decryptAES: Decrypted text (first 50): {"data" :[],"rid":1768200980840}
[2026-01-12T07:56:20.956+01:00 Europe/Madrid] [INFO] decryptAES: JSON parsed successfully
[2026-01-12T07:56:20.956+01:00 Europe/Madrid] [INFO] [MyJD] Found 0 packages in /linkgrabberv2/queryPackages
[2026-01-12T07:56:21.000+01:00 Europe/Madrid] [INFO] decryptAES: Starting decryption
[2026-01-12T07:56:21.000+01:00 Europe/Madrid] [INFO] decryptAES: Encrypted string length: 1280
[2026-01-12T07:56:21.000+01:00 Europe/Madrid] [INFO] decryptAES: Secret type: object
[2026-01-12T07:56:21.000+01:00 Europe/Madrid] [INFO] decryptAES: Secret has words: true
[2026-01-12T07:56:21.000+01:00 Europe/Madrid] [INFO] decryptAES: IV (hex): 52f930d97073f718...
[2026-01-12T07:56:21.000+01:00 Europe/Madrid] [INFO] decryptAES: Key (hex): 9787bf768f1c834e...
[2026-01-12T07:56:21.000+01:00 Europe/Madrid] [INFO] decryptAES: AES.decrypt completed
[2026-01-12T07:56:21.001+01:00 Europe/Madrid] [INFO] decryptAES: Decrypted text length: 953
[2026-01-12T07:56:21.001+01:00 Europe/Madrid] [INFO] decryptAES: Decrypted text (first 50): {"data" :[{"saveTo":"/output/Breaking bad x265 216
[2026-01-12T07:56:21.001+01:00 Europe/Madrid] [INFO] decryptAES: JSON parsed successfully
[2026-01-12T07:56:21.001+01:00 Europe/Madrid] [INFO] [MyJD] Found 7 packages in /downloadsV2/queryPackages
[2026-01-12T07:56:21.001+01:00 Europe/Madrid] [INFO] Found 0 LinkGrabber packages and 7 Download packages
[2026-01-12T07:56:21.189+01:00 Europe/Madrid] [INFO] decryptAES: Starting decryption
[2026-01-12T07:56:21.189+01:00 Europe/Madrid] [INFO] decryptAES: Encrypted string length: 5888
[2026-01-12T07:56:21.190+01:00 Europe/Madrid] [INFO] decryptAES: Secret type: object
[2026-01-12T07:56:21.190+01:00 Europe/Madrid] [INFO] decryptAES: Secret has words: true
[2026-01-12T07:56:21.190+01:00 Europe/Madrid] [INFO] decryptAES: IV (hex): 52f930d97073f718...
[2026-01-12T07:56:21.190+01:00 Europe/Madrid] [INFO] decryptAES: Key (hex): 9787bf768f1c834e...
[2026-01-12T07:56:21.190+01:00 Europe/Madrid] [INFO] decryptAES: AES.decrypt completed
[2026-01-12T07:56:21.191+01:00 Europe/Madrid] [INFO] decryptAES: Decrypted text length: 4409
[2026-01-12T07:56:21.191+01:00 Europe/Madrid] [INFO] decryptAES: Decrypted text (first 50): {"data" :[{"addedDate":1768064363100,"statusIconKe
[2026-01-12T07:56:21.191+01:00 Europe/Madrid] [INFO] decryptAES: JSON parsed successfully
[2026-01-12T07:56:21.293+01:00 Europe/Madrid] [INFO] decryptAES: Starting decryption
[2026-01-12T07:56:21.294+01:00 Europe/Madrid] [INFO] decryptAES: Encrypted string length: 1900
[2026-01-12T07:56:21.294+01:00 Europe/Madrid] [INFO] decryptAES: Secret type: object
[2026-01-12T07:56:21.294+01:00 Europe/Madrid] [INFO] decryptAES: Secret has words: true
[2026-01-12T07:56:21.294+01:00 Europe/Madrid] [INFO] decryptAES: IV (hex): 52f930d97073f718...
[2026-01-12T07:56:21.294+01:00 Europe/Madrid] [INFO] decryptAES: Key (hex): 9787bf768f1c834e...
[2026-01-12T07:56:21.294+01:00 Europe/Madrid] [INFO] decryptAES: AES.decrypt completed
[2026-01-12T07:56:21.295+01:00 Europe/Madrid] [INFO] decryptAES: Decrypted text length: 1409
[2026-01-12T07:56:21.295+01:00 Europe/Madrid] [INFO] decryptAES: Decrypted text (first 50): {"data" :[{"addedDate":1768064363100,"statusIconKe
[2026-01-12T07:56:21.295+01:00 Europe/Madrid] [INFO] decryptAES: JSON parsed successfully
[2026-01-12T07:56:21.413+01:00 Europe/Madrid] [INFO] decryptAES: Starting decryption
[2026-01-12T07:56:21.414+01:00 Europe/Madrid] [INFO] decryptAES: Encrypted string length: 960
[2026-01-12T07:56:21.414+01:00 Europe/Madrid] [INFO] decryptAES: Secret type: object
[2026-01-12T07:56:21.414+01:00 Europe/Madrid] [INFO] decryptAES: Secret has words: true
[2026-01-12T07:56:21.414+01:00 Europe/Madrid] [INFO] decryptAES: IV (hex): 52f930d97073f718...
[2026-01-12T07:56:21.414+01:00 Europe/Madrid] [INFO] decryptAES: Key (hex): 9787bf768f1c834e...
[2026-01-12T07:56:21.414+01:00 Europe/Madrid] [INFO] decryptAES: AES.decrypt completed
[2026-01-12T07:56:21.414+01:00 Europe/Madrid] [INFO] decryptAES: Decrypted text length: 705
[2026-01-12T07:56:21.414+01:00 Europe/Madrid] [INFO] decryptAES: Decrypted text (first 50): {"data" :[{"addedDate":1768064363100,"statusIconKe
[2026-01-12T07:56:21.415+01:00 Europe/Madrid] [INFO] decryptAES: JSON parsed successfully
[2026-01-12T07:56:21.530+01:00 Europe/Madrid] [INFO] decryptAES: Starting decryption
[2026-01-12T07:56:21.531+01:00 Europe/Madrid] [INFO] decryptAES: Encrypted string length: 960
[2026-01-12T07:56:21.531+01:00 Europe/Madrid] [INFO] decryptAES: Secret type: object
[2026-01-12T07:56:21.531+01:00 Europe/Madrid] [INFO] decryptAES: Secret has words: true
[2026-01-12T07:56:21.531+01:00 Europe/Madrid] [INFO] decryptAES: IV (hex): 52f930d97073f718...
[2026-01-12T07:56:21.531+01:00 Europe/Madrid] [INFO] decryptAES: Key (hex): 9787bf768f1c834e...
[2026-01-12T07:56:21.531+01:00 Europe/Madrid] [INFO] decryptAES: AES.decrypt completed
[2026-01-12T07:56:21.531+01:00 Europe/Madrid] [INFO] decryptAES: Decrypted text length: 705
[2026-01-12T07:56:21.532+01:00 Europe/Madrid] [INFO] decryptAES: Decrypted text (first 50): {"data" :[{"addedDate":1768064363100,"statusIconKe
[2026-01-12T07:56:21.532+01:00 Europe/Madrid] [INFO] decryptAES: JSON parsed successfully
[2026-01-12T07:56:21.646+01:00 Europe/Madrid] [INFO] decryptAES: Starting decryption
[2026-01-12T07:56:21.646+01:00 Europe/Madrid] [INFO] decryptAES: Encrypted string length: 960
[2026-01-12T07:56:21.646+01:00 Europe/Madrid] [INFO] decryptAES: Secret type: object
[2026-01-12T07:56:21.646+01:00 Europe/Madrid] [INFO] decryptAES: Secret has words: true
[2026-01-12T07:56:21.647+01:00 Europe/Madrid] [INFO] decryptAES: IV (hex): 52f930d97073f718...
[2026-01-12T07:56:21.647+01:00 Europe/Madrid] [INFO] decryptAES: Key (hex): 9787bf768f1c834e...
[2026-01-12T07:56:21.647+01:00 Europe/Madrid] [INFO] decryptAES: AES.decrypt completed
[2026-01-12T07:56:21.647+01:00 Europe/Madrid] [INFO] decryptAES: Decrypted text length: 705
[2026-01-12T07:56:21.647+01:00 Europe/Madrid] [INFO] decryptAES: Decrypted text (first 50): {"data" :[{"addedDate":1768064363100,"statusIconKe
[2026-01-12T07:56:21.647+01:00 Europe/Madrid] [INFO] decryptAES: JSON parsed successfully
[2026-01-12T07:56:21.749+01:00 Europe/Madrid] [INFO] decryptAES: Starting decryption
[2026-01-12T07:56:21.750+01:00 Europe/Madrid] [INFO] decryptAES: Encrypted string length: 960
[2026-01-12T07:56:21.750+01:00 Europe/Madrid] [INFO] decryptAES: Secret type: object
[2026-01-12T07:56:21.750+01:00 Europe/Madrid] [INFO] decryptAES: Secret has words: true
[2026-01-12T07:56:21.750+01:00 Europe/Madrid] [INFO] decryptAES: IV (hex): 52f930d97073f718...
[2026-01-12T07:56:21.750+01:00 Europe/Madrid] [INFO] decryptAES: Key (hex): 9787bf768f1c834e...
[2026-01-12T07:56:21.750+01:00 Europe/Madrid] [INFO] decryptAES: AES.decrypt completed
[2026-01-12T07:56:21.750+01:00 Europe/Madrid] [INFO] decryptAES: Decrypted text length: 705
[2026-01-12T07:56:21.750+01:00 Europe/Madrid] [INFO] decryptAES: Decrypted text (first 50): {"data" :[{"addedDate":1768064363100,"statusIconKe
[2026-01-12T07:56:21.750+01:00 Europe/Madrid] [INFO] decryptAES: JSON parsed successfully
[2026-01-12T07:56:21.853+01:00 Europe/Madrid] [INFO] decryptAES: Starting decryption
[2026-01-12T07:56:21.853+01:00 Europe/Madrid] [INFO] decryptAES: Encrypted string length: 1068
[2026-01-12T07:56:21.853+01:00 Europe/Madrid] [INFO] decryptAES: Secret type: object
[2026-01-12T07:56:21.853+01:00 Europe/Madrid] [INFO] decryptAES: Secret has words: true
[2026-01-12T07:56:21.853+01:00 Europe/Madrid] [INFO] decryptAES: IV (hex): 52f930d97073f718...
[2026-01-12T07:56:21.853+01:00 Europe/Madrid] [INFO] decryptAES: Key (hex): 9787bf768f1c834e...
[2026-01-12T07:56:21.854+01:00 Europe/Madrid] [INFO] decryptAES: AES.decrypt completed
[2026-01-12T07:56:21.854+01:00 Europe/Madrid] [INFO] decryptAES: Decrypted text length: 791
[2026-01-12T07:56:21.854+01:00 Europe/Madrid] [INFO] decryptAES: Decrypted text (first 50): {"data" :[{"extractionStatus":"SUCCESSFUL","addedD
[2026-01-12T07:56:21.854+01:00 Europe/Madrid] [INFO] decryptAES: JSON parsed successfully
[2026-01-12T07:56:21.854+01:00 Europe/Madrid] [INFO] Total links found: 29
[2026-01-12T07:56:22.813+01:00 Europe/Madrid] [INFO] Iniciando autenticación...
[2026-01-12T07:56:22.813+01:00 Europe/Madrid] [INFO] Email: malevolent@zoho.com
[2026-01-12T07:56:22.814+01:00 Europe/Madrid] [INFO] loginSecret (hex): a904e03eb81111f5...
[2026-01-12T07:56:22.814+01:00 Europe/Madrid] [INFO] loginSecret words count: 8
[2026-01-12T07:56:22.814+01:00 Europe/Madrid] [INFO] firstHalf words: 4
[2026-01-12T07:56:22.814+01:00 Europe/Madrid] [INFO] secondHalf words: 4
[2026-01-12T07:56:22.815+01:00 Europe/Madrid] [INFO] Query: /my/connect?appkey=myjd_webextension_firefox&email=malevolent%40zoho.com&rid=0
[2026-01-12T07:56:22.815+01:00 Europe/Madrid] [INFO] Signature: 5814102a112d9a59...
[2026-01-12T07:56:22.815+01:00 Europe/Madrid] [INFO] Full URL: https://api.jdownloader.org/my/connect?appkey=myjd_webextension_firefox&email=malevolent%40zoho.com&rid=0&signature=5814102a112d9a596ee65b9208e31864b74aba7a252397cf0e30caad8cf62a0f
[2026-01-12T07:56:22.815+01:00 Europe/Madrid] [INFO] Conectando a MyJDownloader...
[2026-01-12T07:56:22.852+01:00 Europe/Madrid] [INFO] Response status: 200
[2026-01-12T07:56:22.853+01:00 Europe/Madrid] [INFO] Response headers {
  "access-control-allow-origin": "*",
  "connection": "keep-alive",
  "content-type": "application/aesjson-server; charset=utf-8",
  "date": "Mon, 12 Jan 2026 06:56:17 GMT",
  "server": "AppWork GmbH NIO-Engine",
  "transfer-encoding": "chunked",
  "x-upstreamaddr": "127.0.0.1:10204",
  "x-upstreamctime": "0.000",
  "x-upstreamhtime": "0.000"
}
[2026-01-12T07:56:22.853+01:00 Europe/Madrid] [INFO] Response (encrypted, length): 192
[2026-01-12T07:56:22.853+01:00 Europe/Madrid] [INFO] Response (encrypted, first 50): d4a7HZuQ01s2PQJlUK4hoGxfumZqyykxPw+S6OQEongznbVTMT...
[2026-01-12T07:56:22.853+01:00 Europe/Madrid] [INFO] Attempting to decrypt response...
[2026-01-12T07:56:22.854+01:00 Europe/Madrid] [INFO] decryptAES: Starting decryption
[2026-01-12T07:56:22.854+01:00 Europe/Madrid] [INFO] decryptAES: Encrypted string length: 192
[2026-01-12T07:56:22.854+01:00 Europe/Madrid] [INFO] decryptAES: Secret type: object
[2026-01-12T07:56:22.854+01:00 Europe/Madrid] [INFO] decryptAES: Secret has words: true
[2026-01-12T07:56:22.854+01:00 Europe/Madrid] [INFO] decryptAES: IV (hex): a904e03eb81111f5...
[2026-01-12T07:56:22.854+01:00 Europe/Madrid] [INFO] decryptAES: Key (hex): e20cd71096bec79c...
[2026-01-12T07:56:22.855+01:00 Europe/Madrid] [INFO] decryptAES: AES.decrypt completed
[2026-01-12T07:56:22.855+01:00 Europe/Madrid] [INFO] decryptAES: Decrypted text length: 140
[2026-01-12T07:56:22.855+01:00 Europe/Madrid] [INFO] decryptAES: Decrypted text (first 50): {
  "sessiontoken" : "7fa61f8f565410f24ad30fed3f7e
[2026-01-12T07:56:22.855+01:00 Europe/Madrid] [INFO] decryptAES: JSON parsed successfully
[2026-01-12T07:56:22.855+01:00 Europe/Madrid] [INFO] Decryption successful!
[2026-01-12T07:56:22.855+01:00 Europe/Madrid] [INFO] Connect data keys: sessiontoken, regaintoken, rid
[2026-01-12T07:56:22.856+01:00 Europe/Madrid] [INFO] Sesión establecida, obteniendo dispositivos...
[2026-01-12T07:56:22.893+01:00 Europe/Madrid] [INFO] decryptAES: Starting decryption
[2026-01-12T07:56:22.893+01:00 Europe/Madrid] [INFO] decryptAES: Encrypted string length: 216
[2026-01-12T07:56:22.893+01:00 Europe/Madrid] [INFO] decryptAES: Secret type: object
[2026-01-12T07:56:22.894+01:00 Europe/Madrid] [INFO] decryptAES: Secret has words: true
[2026-01-12T07:56:22.894+01:00 Europe/Madrid] [INFO] decryptAES: IV (hex): 0c1bdd68d833112b...
[2026-01-12T07:56:22.894+01:00 Europe/Madrid] [INFO] decryptAES: Key (hex): 04fc28e90e392f52...
[2026-01-12T07:56:22.894+01:00 Europe/Madrid] [INFO] decryptAES: AES.decrypt completed
[2026-01-12T07:56:22.894+01:00 Europe/Madrid] [INFO] decryptAES: Decrypted text length: 151
[2026-01-12T07:56:22.894+01:00 Europe/Madrid] [INFO] decryptAES: Decrypted text (first 50): {
  "list" : [ {
    "id" : "52d889ac1fa3f0e7b37ce
[2026-01-12T07:56:22.894+01:00 Europe/Madrid] [INFO] decryptAES: JSON parsed successfully
[2026-01-12T07:56:22.894+01:00 Europe/Madrid] [INFO] Dispositivos encontrados: samael
[2026-01-12T07:56:22.895+01:00 Europe/Madrid] [INFO] Autenticación exitosa con dispositivo: Samael (52d889ac1fa3f0e7b37ce2e1dbd86650)
[2026-01-12T07:56:22.895+01:00 Europe/Madrid] [INFO] Getting downloads from LinkGrabber and DownloadController...
[2026-01-12T07:56:22.896+01:00 Europe/Madrid] [INFO] [MyJD] Querying /linkgrabberv2/queryPackages...
[2026-01-12T07:56:22.896+01:00 Europe/Madrid] [INFO] [MyJD] Querying /downloadsV2/queryPackages...
[2026-01-12T07:56:23.005+01:00 Europe/Madrid] [INFO] decryptAES: Starting decryption
[2026-01-12T07:56:23.005+01:00 Europe/Madrid] [INFO] decryptAES: Encrypted string length: 1280
[2026-01-12T07:56:23.005+01:00 Europe/Madrid] [INFO] decryptAES: Secret type: object
[2026-01-12T07:56:23.006+01:00 Europe/Madrid] [INFO] decryptAES: Secret has words: true
[2026-01-12T07:56:23.006+01:00 Europe/Madrid] [INFO] decryptAES: IV (hex): ea25d9821e78a707...
[2026-01-12T07:56:23.006+01:00 Europe/Madrid] [INFO] decryptAES: Key (hex): eff6353ee94c98d0...
[2026-01-12T07:56:23.006+01:00 Europe/Madrid] [INFO] decryptAES: AES.decrypt completed
[2026-01-12T07:56:23.006+01:00 Europe/Madrid] [INFO] decryptAES: Decrypted text length: 953
[2026-01-12T07:56:23.006+01:00 Europe/Madrid] [INFO] decryptAES: Decrypted text (first 50): {"data" :[{"saveTo":"/output/Breaking bad x265 216
[2026-01-12T07:56:23.007+01:00 Europe/Madrid] [INFO] decryptAES: JSON parsed successfully
[2026-01-12T07:56:23.007+01:00 Europe/Madrid] [INFO] [MyJD] Found 7 packages in /downloadsV2/queryPackages
[2026-01-12T07:56:23.010+01:00 Europe/Madrid] [INFO] decryptAES: Starting decryption
[2026-01-12T07:56:23.010+01:00 Europe/Madrid] [INFO] decryptAES: Encrypted string length: 64
[2026-01-12T07:56:23.010+01:00 Europe/Madrid] [INFO] decryptAES: Secret type: object
[2026-01-12T07:56:23.010+01:00 Europe/Madrid] [INFO] decryptAES: Secret has words: true
[2026-01-12T07:56:23.010+01:00 Europe/Madrid] [INFO] decryptAES: IV (hex): ea25d9821e78a707...
[2026-01-12T07:56:23.011+01:00 Europe/Madrid] [INFO] decryptAES: Key (hex): eff6353ee94c98d0...
[2026-01-12T07:56:23.011+01:00 Europe/Madrid] [INFO] decryptAES: AES.decrypt completed
[2026-01-12T07:56:23.011+01:00 Europe/Madrid] [INFO] decryptAES: Decrypted text length: 32
[2026-01-12T07:56:23.011+01:00 Europe/Madrid] [INFO] decryptAES: Decrypted text (first 50): {"data" :[],"rid":1768200982895}
[2026-01-12T07:56:23.011+01:00 Europe/Madrid] [INFO] decryptAES: JSON parsed successfully
[2026-01-12T07:56:23.011+01:00 Europe/Madrid] [INFO] [MyJD] Found 0 packages in /linkgrabberv2/queryPackages
[2026-01-12T07:56:23.012+01:00 Europe/Madrid] [INFO] Found 0 LinkGrabber packages and 7 Download packages
[2026-01-12T07:56:23.174+01:00 Europe/Madrid] [INFO] decryptAES: Starting decryption
[2026-01-12T07:56:23.174+01:00 Europe/Madrid] [INFO] decryptAES: Encrypted string length: 5888
[2026-01-12T07:56:23.174+01:00 Europe/Madrid] [INFO] decryptAES: Secret type: object
[2026-01-12T07:56:23.174+01:00 Europe/Madrid] [INFO] decryptAES: Secret has words: true
[2026-01-12T07:56:23.174+01:00 Europe/Madrid] [INFO] decryptAES: IV (hex): ea25d9821e78a707...
[2026-01-12T07:56:23.174+01:00 Europe/Madrid] [INFO] decryptAES: Key (hex): eff6353ee94c98d0...
[2026-01-12T07:56:23.176+01:00 Europe/Madrid] [INFO] decryptAES: AES.decrypt completed
[2026-01-12T07:56:23.176+01:00 Europe/Madrid] [INFO] decryptAES: Decrypted text length: 4409
[2026-01-12T07:56:23.176+01:00 Europe/Madrid] [INFO] decryptAES: Decrypted text (first 50): {"data" :[{"addedDate":1768064363100,"statusIconKe
[2026-01-12T07:56:23.176+01:00 Europe/Madrid] [INFO] decryptAES: JSON parsed successfully
[2026-01-12T07:56:23.279+01:00 Europe/Madrid] [INFO] decryptAES: Starting decryption
[2026-01-12T07:56:23.279+01:00 Europe/Madrid] [INFO] decryptAES: Encrypted string length: 1900
[2026-01-12T07:56:23.279+01:00 Europe/Madrid] [INFO] decryptAES: Secret type: object
[2026-01-12T07:56:23.279+01:00 Europe/Madrid] [INFO] decryptAES: Secret has words: true
[2026-01-12T07:56:23.279+01:00 Europe/Madrid] [INFO] decryptAES: IV (hex): ea25d9821e78a707...
[2026-01-12T07:56:23.279+01:00 Europe/Madrid] [INFO] decryptAES: Key (hex): eff6353ee94c98d0...
[2026-01-12T07:56:23.279+01:00 Europe/Madrid] [INFO] decryptAES: AES.decrypt completed
[2026-01-12T07:56:23.280+01:00 Europe/Madrid] [INFO] decryptAES: Decrypted text length: 1409
[2026-01-12T07:56:23.280+01:00 Europe/Madrid] [INFO] decryptAES: Decrypted text (first 50): {"data" :[{"addedDate":1768064363100,"statusIconKe
[2026-01-12T07:56:23.280+01:00 Europe/Madrid] [INFO] decryptAES: JSON parsed successfully
[2026-01-12T07:56:23.382+01:00 Europe/Madrid] [INFO] decryptAES: Starting decryption
[2026-01-12T07:56:23.382+01:00 Europe/Madrid] [INFO] decryptAES: Encrypted string length: 960
[2026-01-12T07:56:23.382+01:00 Europe/Madrid] [INFO] decryptAES: Secret type: object
[2026-01-12T07:56:23.382+01:00 Europe/Madrid] [INFO] decryptAES: Secret has words: true
[2026-01-12T07:56:23.382+01:00 Europe/Madrid] [INFO] decryptAES: IV (hex): ea25d9821e78a707...
[2026-01-12T07:56:23.382+01:00 Europe/Madrid] [INFO] decryptAES: Key (hex): eff6353ee94c98d0...
[2026-01-12T07:56:23.383+01:00 Europe/Madrid] [INFO] decryptAES: AES.decrypt completed
[2026-01-12T07:56:23.383+01:00 Europe/Madrid] [INFO] decryptAES: Decrypted text length: 705
[2026-01-12T07:56:23.383+01:00 Europe/Madrid] [INFO] decryptAES: Decrypted text (first 50): {"data" :[{"addedDate":1768064363100,"statusIconKe
[2026-01-12T07:56:23.383+01:00 Europe/Madrid] [INFO] decryptAES: JSON parsed successfully
[2026-01-12T07:56:23.483+01:00 Europe/Madrid] [INFO] decryptAES: Starting decryption
[2026-01-12T07:56:23.484+01:00 Europe/Madrid] [INFO] decryptAES: Encrypted string length: 960
[2026-01-12T07:56:23.484+01:00 Europe/Madrid] [INFO] decryptAES: Secret type: object
[2026-01-12T07:56:23.484+01:00 Europe/Madrid] [INFO] decryptAES: Secret has words: true
[2026-01-12T07:56:23.484+01:00 Europe/Madrid] [INFO] decryptAES: IV (hex): ea25d9821e78a707...
[2026-01-12T07:56:23.484+01:00 Europe/Madrid] [INFO] decryptAES: Key (hex): eff6353ee94c98d0...
[2026-01-12T07:56:23.484+01:00 Europe/Madrid] [INFO] decryptAES: AES.decrypt completed
[2026-01-12T07:56:23.484+01:00 Europe/Madrid] [INFO] decryptAES: Decrypted text length: 705
[2026-01-12T07:56:23.484+01:00 Europe/Madrid] [INFO] decryptAES: Decrypted text (first 50): {"data" :[{"addedDate":1768064363100,"statusIconKe
[2026-01-12T07:56:23.484+01:00 Europe/Madrid] [INFO] decryptAES: JSON parsed successfully
[2026-01-12T07:56:23.607+01:00 Europe/Madrid] [INFO] decryptAES: Starting decryption
[2026-01-12T07:56:23.608+01:00 Europe/Madrid] [INFO] decryptAES: Encrypted string length: 960
[2026-01-12T07:56:23.608+01:00 Europe/Madrid] [INFO] decryptAES: Secret type: object
[2026-01-12T07:56:23.608+01:00 Europe/Madrid] [INFO] decryptAES: Secret has words: true
[2026-01-12T07:56:23.608+01:00 Europe/Madrid] [INFO] decryptAES: IV (hex): ea25d9821e78a707...
[2026-01-12T07:56:23.608+01:00 Europe/Madrid] [INFO] decryptAES: Key (hex): eff6353ee94c98d0...
[2026-01-12T07:56:23.608+01:00 Europe/Madrid] [INFO] decryptAES: AES.decrypt completed
[2026-01-12T07:56:23.608+01:00 Europe/Madrid] [INFO] decryptAES: Decrypted text length: 705
[2026-01-12T07:56:23.608+01:00 Europe/Madrid] [INFO] decryptAES: Decrypted text (first 50): {"data" :[{"addedDate":1768064363100,"statusIconKe
[2026-01-12T07:56:23.608+01:00 Europe/Madrid] [INFO] decryptAES: JSON parsed successfully
[2026-01-12T07:56:23.714+01:00 Europe/Madrid] [INFO] decryptAES: Starting decryption
[2026-01-12T07:56:23.714+01:00 Europe/Madrid] [INFO] decryptAES: Encrypted string length: 960
[2026-01-12T07:56:23.714+01:00 Europe/Madrid] [INFO] decryptAES: Secret type: object
[2026-01-12T07:56:23.714+01:00 Europe/Madrid] [INFO] decryptAES: Secret has words: true
[2026-01-12T07:56:23.714+01:00 Europe/Madrid] [INFO] decryptAES: IV (hex): ea25d9821e78a707...
[2026-01-12T07:56:23.714+01:00 Europe/Madrid] [INFO] decryptAES: Key (hex): eff6353ee94c98d0...
[2026-01-12T07:56:23.715+01:00 Europe/Madrid] [INFO] decryptAES: AES.decrypt completed
[2026-01-12T07:56:23.715+01:00 Europe/Madrid] [INFO] decryptAES: Decrypted text length: 705
[2026-01-12T07:56:23.715+01:00 Europe/Madrid] [INFO] decryptAES: Decrypted text (first 50): {"data" :[{"addedDate":1768064363100,"statusIconKe
[2026-01-12T07:56:23.715+01:00 Europe/Madrid] [INFO] decryptAES: JSON parsed successfully
[2026-01-12T07:56:23.818+01:00 Europe/Madrid] [INFO] decryptAES: Starting decryption
[2026-01-12T07:56:23.818+01:00 Europe/Madrid] [INFO] decryptAES: Encrypted string length: 1068
[2026-01-12T07:56:23.818+01:00 Europe/Madrid] [INFO] decryptAES: Secret type: object
[2026-01-12T07:56:23.818+01:00 Europe/Madrid] [INFO] decryptAES: Secret has words: true
[2026-01-12T07:56:23.818+01:00 Europe/Madrid] [INFO] decryptAES: IV (hex): ea25d9821e78a707...
[2026-01-12T07:56:23.818+01:00 Europe/Madrid] [INFO] decryptAES: Key (hex): eff6353ee94c98d0...
[2026-01-12T07:56:23.819+01:00 Europe/Madrid] [INFO] decryptAES: AES.decrypt completed
[2026-01-12T07:56:23.819+01:00 Europe/Madrid] [INFO] decryptAES: Decrypted text length: 791
[2026-01-12T07:56:23.819+01:00 Europe/Madrid] [INFO] decryptAES: Decrypted text (first 50): {"data" :[{"extractionStatus":"SUCCESSFUL","addedD
[2026-01-12T07:56:23.819+01:00 Europe/Madrid] [INFO] decryptAES: JSON parsed successfully
[2026-01-12T07:56:23.819+01:00 Europe/Madrid] [INFO] Total links found: 29
[2026-01-12T07:56:24.203+01:00 Europe/Madrid] [INFO] Iniciando autenticación...
[2026-01-12T07:56:24.204+01:00 Europe/Madrid] [INFO] Email: malevolent@zoho.com
[2026-01-12T07:56:24.204+01:00 Europe/Madrid] [INFO] loginSecret (hex): a904e03eb81111f5...
[2026-01-12T07:56:24.204+01:00 Europe/Madrid] [INFO] loginSecret words count: 8
[2026-01-12T07:56:24.204+01:00 Europe/Madrid] [INFO] firstHalf words: 4
[2026-01-12T07:56:24.204+01:00 Europe/Madrid] [INFO] secondHalf words: 4
[2026-01-12T07:56:24.204+01:00 Europe/Madrid] [INFO] Query: /my/connect?appkey=myjd_webextension_firefox&email=malevolent%40zoho.com&rid=0
[2026-01-12T07:56:24.204+01:00 Europe/Madrid] [INFO] Signature: 5814102a112d9a59...
[2026-01-12T07:56:24.204+01:00 Europe/Madrid] [INFO] Full URL: https://api.jdownloader.org/my/connect?appkey=myjd_webextension_firefox&email=malevolent%40zoho.com&rid=0&signature=5814102a112d9a596ee65b9208e31864b74aba7a252397cf0e30caad8cf62a0f
[2026-01-12T07:56:24.204+01:00 Europe/Madrid] [INFO] Conectando a MyJDownloader...
[2026-01-12T07:56:24.241+01:00 Europe/Madrid] [INFO] Response status: 200
[2026-01-12T07:56:24.242+01:00 Europe/Madrid] [INFO] Response headers {
  "access-control-allow-origin": "*",
  "connection": "keep-alive",
  "content-type": "application/aesjson-server; charset=utf-8",
  "date": "Mon, 12 Jan 2026 06:56:18 GMT",
  "server": "AppWork GmbH NIO-Engine",
  "transfer-encoding": "chunked",
  "x-upstreamaddr": "127.0.0.1:10205",
  "x-upstreamctime": "0.000",
  "x-upstreamhtime": "0.000"
}
[2026-01-12T07:56:24.242+01:00 Europe/Madrid] [INFO] Response (encrypted, length): 192
[2026-01-12T07:56:24.242+01:00 Europe/Madrid] [INFO] Response (encrypted, first 50): d4a7HZuQ01s2PQJlUK4hoEbxy0HM8wYo+Gv4GXV9EV0rrH+h/+...
[2026-01-12T07:56:24.242+01:00 Europe/Madrid] [INFO] Attempting to decrypt response...
[2026-01-12T07:56:24.242+01:00 Europe/Madrid] [INFO] decryptAES: Starting decryption
[2026-01-12T07:56:24.242+01:00 Europe/Madrid] [INFO] decryptAES: Encrypted string length: 192
[2026-01-12T07:56:24.242+01:00 Europe/Madrid] [INFO] decryptAES: Secret type: object
[2026-01-12T07:56:24.242+01:00 Europe/Madrid] [INFO] decryptAES: Secret has words: true
[2026-01-12T07:56:24.243+01:00 Europe/Madrid] [INFO] decryptAES: IV (hex): a904e03eb81111f5...
[2026-01-12T07:56:24.243+01:00 Europe/Madrid] [INFO] decryptAES: Key (hex): e20cd71096bec79c...
[2026-01-12T07:56:24.243+01:00 Europe/Madrid] [INFO] decryptAES: AES.decrypt completed
[2026-01-12T07:56:24.243+01:00 Europe/Madrid] [INFO] decryptAES: Decrypted text length: 140
[2026-01-12T07:56:24.243+01:00 Europe/Madrid] [INFO] decryptAES: Decrypted text (first 50): {
  "sessiontoken" : "1e562774cbc3a5ab187556cadfc8
[2026-01-12T07:56:24.243+01:00 Europe/Madrid] [INFO] decryptAES: JSON parsed successfully
[2026-01-12T07:56:24.243+01:00 Europe/Madrid] [INFO] Decryption successful!
[2026-01-12T07:56:24.243+01:00 Europe/Madrid] [INFO] Connect data keys: sessiontoken, regaintoken, rid
[2026-01-12T07:56:24.243+01:00 Europe/Madrid] [INFO] Sesión establecida, obteniendo dispositivos...
[2026-01-12T07:56:24.281+01:00 Europe/Madrid] [INFO] decryptAES: Starting decryption
[2026-01-12T07:56:24.281+01:00 Europe/Madrid] [INFO] decryptAES: Encrypted string length: 216
[2026-01-12T07:56:24.281+01:00 Europe/Madrid] [INFO] decryptAES: Secret type: object
[2026-01-12T07:56:24.281+01:00 Europe/Madrid] [INFO] decryptAES: Secret has words: true
[2026-01-12T07:56:24.281+01:00 Europe/Madrid] [INFO] decryptAES: IV (hex): e30e4fab200d3f13...
[2026-01-12T07:56:24.281+01:00 Europe/Madrid] [INFO] decryptAES: Key (hex): 77f6a3b685cb2b7e...
[2026-01-12T07:56:24.282+01:00 Europe/Madrid] [INFO] decryptAES: AES.decrypt completed
[2026-01-12T07:56:24.282+01:00 Europe/Madrid] [INFO] decryptAES: Decrypted text length: 151
[2026-01-12T07:56:24.282+01:00 Europe/Madrid] [INFO] decryptAES: Decrypted text (first 50): {
  "list" : [ {
    "id" : "52d889ac1fa3f0e7b37ce
[2026-01-12T07:56:24.282+01:00 Europe/Madrid] [INFO] decryptAES: JSON parsed successfully
[2026-01-12T07:56:24.282+01:00 Europe/Madrid] [INFO] Dispositivos encontrados: samael
[2026-01-12T07:56:24.282+01:00 Europe/Madrid] [INFO] Autenticación exitosa con dispositivo: Samael (52d889ac1fa3f0e7b37ce2e1dbd86650)
[2026-01-12T07:56:24.282+01:00 Europe/Madrid] [INFO] Getting downloads from LinkGrabber and DownloadController...
[2026-01-12T07:56:24.282+01:00 Europe/Madrid] [INFO] [MyJD] Querying /linkgrabberv2/queryPackages...
[2026-01-12T07:56:24.283+01:00 Europe/Madrid] [INFO] [MyJD] Querying /downloadsV2/queryPackages...
[2026-01-12T07:56:24.376+01:00 Europe/Madrid] [INFO] decryptAES: Starting decryption
[2026-01-12T07:56:24.376+01:00 Europe/Madrid] [INFO] decryptAES: Encrypted string length: 1280
[2026-01-12T07:56:24.377+01:00 Europe/Madrid] [INFO] decryptAES: Secret type: object
[2026-01-12T07:56:24.377+01:00 Europe/Madrid] [INFO] decryptAES: Secret has words: true
[2026-01-12T07:56:24.377+01:00 Europe/Madrid] [INFO] decryptAES: IV (hex): 25b198898022f232...
[2026-01-12T07:56:24.377+01:00 Europe/Madrid] [INFO] decryptAES: Key (hex): 424d261c188c50c1...
[2026-01-12T07:56:24.377+01:00 Europe/Madrid] [INFO] decryptAES: AES.decrypt completed
[2026-01-12T07:56:24.377+01:00 Europe/Madrid] [INFO] decryptAES: Decrypted text length: 953
[2026-01-12T07:56:24.377+01:00 Europe/Madrid] [INFO] decryptAES: Decrypted text (first 50): {"data" :[{"saveTo":"/output/Breaking bad x265 216
[2026-01-12T07:56:24.377+01:00 Europe/Madrid] [INFO] decryptAES: JSON parsed successfully
[2026-01-12T07:56:24.377+01:00 Europe/Madrid] [INFO] [MyJD] Found 7 packages in /downloadsV2/queryPackages
[2026-01-12T07:56:24.382+01:00 Europe/Madrid] [INFO] decryptAES: Starting decryption
[2026-01-12T07:56:24.382+01:00 Europe/Madrid] [INFO] decryptAES: Encrypted string length: 64
[2026-01-12T07:56:24.382+01:00 Europe/Madrid] [INFO] decryptAES: Secret type: object
[2026-01-12T07:56:24.382+01:00 Europe/Madrid] [INFO] decryptAES: Secret has words: true
[2026-01-12T07:56:24.382+01:00 Europe/Madrid] [INFO] decryptAES: IV (hex): 25b198898022f232...
[2026-01-12T07:56:24.382+01:00 Europe/Madrid] [INFO] decryptAES: Key (hex): 424d261c188c50c1...
[2026-01-12T07:56:24.383+01:00 Europe/Madrid] [INFO] decryptAES: AES.decrypt completed
[2026-01-12T07:56:24.383+01:00 Europe/Madrid] [INFO] decryptAES: Decrypted text length: 32
[2026-01-12T07:56:24.383+01:00 Europe/Madrid] [INFO] decryptAES: Decrypted text (first 50): {"data" :[],"rid":1768200984282}
[2026-01-12T07:56:24.383+01:00 Europe/Madrid] [INFO] decryptAES: JSON parsed successfully
[2026-01-12T07:56:24.383+01:00 Europe/Madrid] [INFO] [MyJD] Found 0 packages in /linkgrabberv2/queryPackages
[2026-01-12T07:56:24.383+01:00 Europe/Madrid] [INFO] Found 0 LinkGrabber packages and 7 Download packages
[2026-01-12T07:56:24.570+01:00 Europe/Madrid] [INFO] decryptAES: Starting decryption
[2026-01-12T07:56:24.570+01:00 Europe/Madrid] [INFO] decryptAES: Encrypted string length: 5888
[2026-01-12T07:56:24.570+01:00 Europe/Madrid] [INFO] decryptAES: Secret type: object
[2026-01-12T07:56:24.571+01:00 Europe/Madrid] [INFO] decryptAES: Secret has words: true
[2026-01-12T07:56:24.571+01:00 Europe/Madrid] [INFO] decryptAES: IV (hex): 25b198898022f232...
[2026-01-12T07:56:24.571+01:00 Europe/Madrid] [INFO] decryptAES: Key (hex): 424d261c188c50c1...
[2026-01-12T07:56:24.571+01:00 Europe/Madrid] [INFO] decryptAES: AES.decrypt completed
[2026-01-12T07:56:24.571+01:00 Europe/Madrid] [INFO] decryptAES: Decrypted text length: 4409
[2026-01-12T07:56:24.571+01:00 Europe/Madrid] [INFO] decryptAES: Decrypted text (first 50): {"data" :[{"addedDate":1768064363100,"statusIconKe
[2026-01-12T07:56:24.571+01:00 Europe/Madrid] [INFO] decryptAES: JSON parsed successfully
[2026-01-12T07:56:24.695+01:00 Europe/Madrid] [INFO] decryptAES: Starting decryption
[2026-01-12T07:56:24.695+01:00 Europe/Madrid] [INFO] decryptAES: Encrypted string length: 1900
[2026-01-12T07:56:24.695+01:00 Europe/Madrid] [INFO] decryptAES: Secret type: object
[2026-01-12T07:56:24.695+01:00 Europe/Madrid] [INFO] decryptAES: Secret has words: true
[2026-01-12T07:56:24.695+01:00 Europe/Madrid] [INFO] decryptAES: IV (hex): 25b198898022f232...
[2026-01-12T07:56:24.695+01:00 Europe/Madrid] [INFO] decryptAES: Key (hex): 424d261c188c50c1...
[2026-01-12T07:56:24.695+01:00 Europe/Madrid] [INFO] decryptAES: AES.decrypt completed
[2026-01-12T07:56:24.696+01:00 Europe/Madrid] [INFO] decryptAES: Decrypted text length: 1409
[2026-01-12T07:56:24.696+01:00 Europe/Madrid] [INFO] decryptAES: Decrypted text (first 50): {"data" :[{"addedDate":1768064363100,"statusIconKe
[2026-01-12T07:56:24.696+01:00 Europe/Madrid] [INFO] decryptAES: JSON parsed successfully
[2026-01-12T07:56:24.814+01:00 Europe/Madrid] [INFO] decryptAES: Starting decryption
[2026-01-12T07:56:24.814+01:00 Europe/Madrid] [INFO] decryptAES: Encrypted string length: 960
[2026-01-12T07:56:24.814+01:00 Europe/Madrid] [INFO] decryptAES: Secret type: object
[2026-01-12T07:56:24.814+01:00 Europe/Madrid] [INFO] decryptAES: Secret has words: true
[2026-01-12T07:56:24.815+01:00 Europe/Madrid] [INFO] decryptAES: IV (hex): 25b198898022f232...
[2026-01-12T07:56:24.815+01:00 Europe/Madrid] [INFO] decryptAES: Key (hex): 424d261c188c50c1...
[2026-01-12T07:56:24.815+01:00 Europe/Madrid] [INFO] decryptAES: AES.decrypt completed
[2026-01-12T07:56:24.815+01:00 Europe/Madrid] [INFO] decryptAES: Decrypted text length: 705
[2026-01-12T07:56:24.815+01:00 Europe/Madrid] [INFO] decryptAES: Decrypted text (first 50): {"data" :[{"addedDate":1768064363100,"statusIconKe
[2026-01-12T07:56:24.815+01:00 Europe/Madrid] [INFO] decryptAES: JSON parsed successfully
[2026-01-12T07:56:24.915+01:00 Europe/Madrid] [INFO] decryptAES: Starting decryption
[2026-01-12T07:56:24.915+01:00 Europe/Madrid] [INFO] decryptAES: Encrypted string length: 960
[2026-01-12T07:56:24.916+01:00 Europe/Madrid] [INFO] decryptAES: Secret type: object
[2026-01-12T07:56:24.916+01:00 Europe/Madrid] [INFO] decryptAES: Secret has words: true
[2026-01-12T07:56:24.916+01:00 Europe/Madrid] [INFO] decryptAES: IV (hex): 25b198898022f232...
[2026-01-12T07:56:24.916+01:00 Europe/Madrid] [INFO] decryptAES: Key (hex): 424d261c188c50c1...
[2026-01-12T07:56:24.916+01:00 Europe/Madrid] [INFO] decryptAES: AES.decrypt completed
[2026-01-12T07:56:24.916+01:00 Europe/Madrid] [INFO] decryptAES: Decrypted text length: 705
[2026-01-12T07:56:24.916+01:00 Europe/Madrid] [INFO] decryptAES: Decrypted text (first 50): {"data" :[{"addedDate":1768064363100,"statusIconKe
[2026-01-12T07:56:24.916+01:00 Europe/Madrid] [INFO] decryptAES: JSON parsed successfully
[2026-01-12T07:56:25.043+01:00 Europe/Madrid] [INFO] decryptAES: Starting decryption
[2026-01-12T07:56:25.043+01:00 Europe/Madrid] [INFO] decryptAES: Encrypted string length: 960
[2026-01-12T07:56:25.043+01:00 Europe/Madrid] [INFO] decryptAES: Secret type: object
[2026-01-12T07:56:25.043+01:00 Europe/Madrid] [INFO] decryptAES: Secret has words: true
[2026-01-12T07:56:25.043+01:00 Europe/Madrid] [INFO] decryptAES: IV (hex): 25b198898022f232...
[2026-01-12T07:56:25.043+01:00 Europe/Madrid] [INFO] decryptAES: Key (hex): 424d261c188c50c1...
[2026-01-12T07:56:25.044+01:00 Europe/Madrid] [INFO] decryptAES: AES.decrypt completed
[2026-01-12T07:56:25.044+01:00 Europe/Madrid] [INFO] decryptAES: Decrypted text length: 705
[2026-01-12T07:56:25.044+01:00 Europe/Madrid] [INFO] decryptAES: Decrypted text (first 50): {"data" :[{"addedDate":1768064363100,"statusIconKe
[2026-01-12T07:56:25.044+01:00 Europe/Madrid] [INFO] decryptAES: JSON parsed successfully
[2026-01-12T07:56:25.161+01:00 Europe/Madrid] [INFO] decryptAES: Starting decryption
[2026-01-12T07:56:25.161+01:00 Europe/Madrid] [INFO] decryptAES: Encrypted string length: 960
[2026-01-12T07:56:25.161+01:00 Europe/Madrid] [INFO] decryptAES: Secret type: object
[2026-01-12T07:56:25.161+01:00 Europe/Madrid] [INFO] decryptAES: Secret has words: true
[2026-01-12T07:56:25.161+01:00 Europe/Madrid] [INFO] decryptAES: IV (hex): 25b198898022f232...
[2026-01-12T07:56:25.161+01:00 Europe/Madrid] [INFO] decryptAES: Key (hex): 424d261c188c50c1...
[2026-01-12T07:56:25.161+01:00 Europe/Madrid] [INFO] decryptAES: AES.decrypt completed
[2026-01-12T07:56:25.162+01:00 Europe/Madrid] [INFO] decryptAES: Decrypted text length: 705
[2026-01-12T07:56:25.162+01:00 Europe/Madrid] [INFO] decryptAES: Decrypted text (first 50): {"data" :[{"addedDate":1768064363100,"statusIconKe
[2026-01-12T07:56:25.162+01:00 Europe/Madrid] [INFO] decryptAES: JSON parsed successfully
[2026-01-12T07:56:25.262+01:00 Europe/Madrid] [INFO] decryptAES: Starting decryption
[2026-01-12T07:56:25.262+01:00 Europe/Madrid] [INFO] decryptAES: Encrypted string length: 1068
[2026-01-12T07:56:25.262+01:00 Europe/Madrid] [INFO] decryptAES: Secret type: object
[2026-01-12T07:56:25.262+01:00 Europe/Madrid] [INFO] decryptAES: Secret has words: true
[2026-01-12T07:56:25.262+01:00 Europe/Madrid] [INFO] decryptAES: IV (hex): 25b198898022f232...
[2026-01-12T07:56:25.262+01:00 Europe/Madrid] [INFO] decryptAES: Key (hex): 424d261c188c50c1...
[2026-01-12T07:56:25.263+01:00 Europe/Madrid] [INFO] decryptAES: AES.decrypt completed
[2026-01-12T07:56:25.263+01:00 Europe/Madrid] [INFO] decryptAES: Decrypted text length: 791
[2026-01-12T07:56:25.263+01:00 Europe/Madrid] [INFO] decryptAES: Decrypted text (first 50): {"data" :[{"extractionStatus":"SUCCESSFUL","addedD
[2026-01-12T07:56:25.263+01:00 Europe/Madrid] [INFO] decryptAES: JSON parsed successfully
[2026-01-12T07:56:25.263+01:00 Europe/Madrid] [INFO] Total links found: 29
[2026-01-12T07:56:33.673+01:00 Europe/Madrid] [INFO] Iniciando autenticación...
[2026-01-12T07:56:33.673+01:00 Europe/Madrid] [INFO] Email: malevolent@zoho.com
[2026-01-12T07:56:33.673+01:00 Europe/Madrid] [INFO] loginSecret (hex): a904e03eb81111f5...
[2026-01-12T07:56:33.673+01:00 Europe/Madrid] [INFO] loginSecret words count: 8
[2026-01-12T07:56:33.673+01:00 Europe/Madrid] [INFO] firstHalf words: 4
[2026-01-12T07:56:33.673+01:00 Europe/Madrid] [INFO] secondHalf words: 4
[2026-01-12T07:56:33.673+01:00 Europe/Madrid] [INFO] Query: /my/connect?appkey=myjd_webextension_firefox&email=malevolent%40zoho.com&rid=0
[2026-01-12T07:56:33.673+01:00 Europe/Madrid] [INFO] Signature: 5814102a112d9a59...
[2026-01-12T07:56:33.674+01:00 Europe/Madrid] [INFO] Full URL: https://api.jdownloader.org/my/connect?appkey=myjd_webextension_firefox&email=malevolent%40zoho.com&rid=0&signature=5814102a112d9a596ee65b9208e31864b74aba7a252397cf0e30caad8cf62a0f
[2026-01-12T07:56:33.674+01:00 Europe/Madrid] [INFO] Conectando a MyJDownloader...
[2026-01-12T07:56:33.846+01:00 Europe/Madrid] [INFO] Response status: 200
[2026-01-12T07:56:33.846+01:00 Europe/Madrid] [INFO] Response headers {
  "access-control-allow-origin": "*",
  "connection": "keep-alive",
  "content-type": "application/aesjson-server; charset=utf-8",
  "date": "Mon, 12 Jan 2026 06:56:28 GMT",
  "server": "AppWork GmbH NIO-Engine",
  "transfer-encoding": "chunked",
  "x-upstreamaddr": "127.0.0.1:10205",
  "x-upstreamctime": "0.000",
  "x-upstreamhtime": "0.001"
}
[2026-01-12T07:56:33.846+01:00 Europe/Madrid] [INFO] Response (encrypted, length): 192
[2026-01-12T07:56:33.846+01:00 Europe/Madrid] [INFO] Response (encrypted, first 50): d4a7HZuQ01s2PQJlUK4hoHXf/6u0haVCtw7/YGr36RWhsGNRBa...
[2026-01-12T07:56:33.847+01:00 Europe/Madrid] [INFO] Attempting to decrypt response...
[2026-01-12T07:56:33.847+01:00 Europe/Madrid] [INFO] decryptAES: Starting decryption
[2026-01-12T07:56:33.847+01:00 Europe/Madrid] [INFO] decryptAES: Encrypted string length: 192
[2026-01-12T07:56:33.847+01:00 Europe/Madrid] [INFO] decryptAES: Secret type: object
[2026-01-12T07:56:33.847+01:00 Europe/Madrid] [INFO] decryptAES: Secret has words: true
[2026-01-12T07:56:33.847+01:00 Europe/Madrid] [INFO] decryptAES: IV (hex): a904e03eb81111f5...
[2026-01-12T07:56:33.847+01:00 Europe/Madrid] [INFO] decryptAES: Key (hex): e20cd71096bec79c...
[2026-01-12T07:56:33.847+01:00 Europe/Madrid] [INFO] decryptAES: AES.decrypt completed
[2026-01-12T07:56:33.847+01:00 Europe/Madrid] [INFO] decryptAES: Decrypted text length: 140
[2026-01-12T07:56:33.848+01:00 Europe/Madrid] [INFO] decryptAES: Decrypted text (first 50): {
  "sessiontoken" : "a45248639368d02232b494518230
[2026-01-12T07:56:33.848+01:00 Europe/Madrid] [INFO] decryptAES: JSON parsed successfully
[2026-01-12T07:56:33.848+01:00 Europe/Madrid] [INFO] Decryption successful!
[2026-01-12T07:56:33.848+01:00 Europe/Madrid] [INFO] Connect data keys: sessiontoken, regaintoken, rid
[2026-01-12T07:56:33.848+01:00 Europe/Madrid] [INFO] Sesión establecida, obteniendo dispositivos...
[2026-01-12T07:56:33.943+01:00 Europe/Madrid] [INFO] decryptAES: Starting decryption
[2026-01-12T07:56:33.943+01:00 Europe/Madrid] [INFO] decryptAES: Encrypted string length: 216
[2026-01-12T07:56:33.943+01:00 Europe/Madrid] [INFO] decryptAES: Secret type: object
[2026-01-12T07:56:33.943+01:00 Europe/Madrid] [INFO] decryptAES: Secret has words: true
[2026-01-12T07:56:33.944+01:00 Europe/Madrid] [INFO] decryptAES: IV (hex): ac54dc6ea8ee2b76...
[2026-01-12T07:56:33.944+01:00 Europe/Madrid] [INFO] decryptAES: Key (hex): 60a717bd04376804...
[2026-01-12T07:56:33.944+01:00 Europe/Madrid] [INFO] decryptAES: AES.decrypt completed
[2026-01-12T07:56:33.945+01:00 Europe/Madrid] [INFO] decryptAES: Decrypted text length: 151
[2026-01-12T07:56:33.945+01:00 Europe/Madrid] [INFO] decryptAES: Decrypted text (first 50): {
  "list" : [ {
    "id" : "52d889ac1fa3f0e7b37ce
[2026-01-12T07:56:33.945+01:00 Europe/Madrid] [INFO] decryptAES: JSON parsed successfully
[2026-01-12T07:56:33.945+01:00 Europe/Madrid] [INFO] Dispositivos encontrados: samael
[2026-01-12T07:56:33.945+01:00 Europe/Madrid] [INFO] Autenticación exitosa con dispositivo: Samael (52d889ac1fa3f0e7b37ce2e1dbd86650)
[2026-01-12T07:56:33.945+01:00 Europe/Madrid] [INFO] Getting downloads from LinkGrabber and DownloadController...
[2026-01-12T07:56:33.946+01:00 Europe/Madrid] [INFO] [MyJD] Querying /linkgrabberv2/queryPackages...
[2026-01-12T07:56:33.946+01:00 Europe/Madrid] [INFO] [MyJD] Querying /downloadsV2/queryPackages...
[2026-01-12T07:56:34.066+01:00 Europe/Madrid] [INFO] decryptAES: Starting decryption
[2026-01-12T07:56:34.066+01:00 Europe/Madrid] [INFO] decryptAES: Encrypted string length: 64
[2026-01-12T07:56:34.066+01:00 Europe/Madrid] [INFO] decryptAES: Secret type: object
[2026-01-12T07:56:34.066+01:00 Europe/Madrid] [INFO] decryptAES: Secret has words: true
[2026-01-12T07:56:34.066+01:00 Europe/Madrid] [INFO] decryptAES: IV (hex): 2746d9a95e6001f7...
[2026-01-12T07:56:34.066+01:00 Europe/Madrid] [INFO] decryptAES: Key (hex): 455d89e91afc27eb...
[2026-01-12T07:56:34.067+01:00 Europe/Madrid] [INFO] decryptAES: AES.decrypt completed
[2026-01-12T07:56:34.067+01:00 Europe/Madrid] [INFO] decryptAES: Decrypted text length: 32
[2026-01-12T07:56:34.067+01:00 Europe/Madrid] [INFO] decryptAES: Decrypted text (first 50): {"data" :[],"rid":1768200993945}
[2026-01-12T07:56:34.067+01:00 Europe/Madrid] [INFO] decryptAES: JSON parsed successfully
[2026-01-12T07:56:34.067+01:00 Europe/Madrid] [INFO] [MyJD] Found 0 packages in /linkgrabberv2/queryPackages
[2026-01-12T07:56:34.146+01:00 Europe/Madrid] [INFO] decryptAES: Starting decryption
[2026-01-12T07:56:34.146+01:00 Europe/Madrid] [INFO] decryptAES: Encrypted string length: 1280
[2026-01-12T07:56:34.146+01:00 Europe/Madrid] [INFO] decryptAES: Secret type: object
[2026-01-12T07:56:34.146+01:00 Europe/Madrid] [INFO] decryptAES: Secret has words: true
[2026-01-12T07:56:34.146+01:00 Europe/Madrid] [INFO] decryptAES: IV (hex): 2746d9a95e6001f7...
[2026-01-12T07:56:34.146+01:00 Europe/Madrid] [INFO] decryptAES: Key (hex): 455d89e91afc27eb...
[2026-01-12T07:56:34.146+01:00 Europe/Madrid] [INFO] decryptAES: AES.decrypt completed
[2026-01-12T07:56:34.147+01:00 Europe/Madrid] [INFO] decryptAES: Decrypted text length: 953
[2026-01-12T07:56:34.147+01:00 Europe/Madrid] [INFO] decryptAES: Decrypted text (first 50): {"data" :[{"saveTo":"/output/Breaking bad x265 216
[2026-01-12T07:56:34.147+01:00 Europe/Madrid] [INFO] decryptAES: JSON parsed successfully
[2026-01-12T07:56:34.147+01:00 Europe/Madrid] [INFO] [MyJD] Found 7 packages in /downloadsV2/queryPackages
[2026-01-12T07:56:34.147+01:00 Europe/Madrid] [INFO] Found 0 LinkGrabber packages and 7 Download packages
[2026-01-12T07:56:34.337+01:00 Europe/Madrid] [INFO] decryptAES: Starting decryption
[2026-01-12T07:56:34.337+01:00 Europe/Madrid] [INFO] decryptAES: Encrypted string length: 5888
[2026-01-12T07:56:34.337+01:00 Europe/Madrid] [INFO] decryptAES: Secret type: object
[2026-01-12T07:56:34.338+01:00 Europe/Madrid] [INFO] decryptAES: Secret has words: true
[2026-01-12T07:56:34.338+01:00 Europe/Madrid] [INFO] decryptAES: IV (hex): 2746d9a95e6001f7...
[2026-01-12T07:56:34.338+01:00 Europe/Madrid] [INFO] decryptAES: Key (hex): 455d89e91afc27eb...
[2026-01-12T07:56:34.338+01:00 Europe/Madrid] [INFO] decryptAES: AES.decrypt completed
[2026-01-12T07:56:34.339+01:00 Europe/Madrid] [INFO] decryptAES: Decrypted text length: 4409
[2026-01-12T07:56:34.339+01:00 Europe/Madrid] [INFO] decryptAES: Decrypted text (first 50): {"data" :[{"addedDate":1768064363100,"statusIconKe
[2026-01-12T07:56:34.339+01:00 Europe/Madrid] [INFO] decryptAES: JSON parsed successfully
[2026-01-12T07:56:34.463+01:00 Europe/Madrid] [INFO] decryptAES: Starting decryption
[2026-01-12T07:56:34.463+01:00 Europe/Madrid] [INFO] decryptAES: Encrypted string length: 1900
[2026-01-12T07:56:34.463+01:00 Europe/Madrid] [INFO] decryptAES: Secret type: object
[2026-01-12T07:56:34.463+01:00 Europe/Madrid] [INFO] decryptAES: Secret has words: true
[2026-01-12T07:56:34.463+01:00 Europe/Madrid] [INFO] decryptAES: IV (hex): 2746d9a95e6001f7...
[2026-01-12T07:56:34.463+01:00 Europe/Madrid] [INFO] decryptAES: Key (hex): 455d89e91afc27eb...
[2026-01-12T07:56:34.464+01:00 Europe/Madrid] [INFO] decryptAES: AES.decrypt completed
[2026-01-12T07:56:34.464+01:00 Europe/Madrid] [INFO] decryptAES: Decrypted text length: 1409
[2026-01-12T07:56:34.464+01:00 Europe/Madrid] [INFO] decryptAES: Decrypted text (first 50): {"data" :[{"addedDate":1768064363100,"statusIconKe
[2026-01-12T07:56:34.464+01:00 Europe/Madrid] [INFO] decryptAES: JSON parsed successfully
[2026-01-12T07:56:34.591+01:00 Europe/Madrid] [INFO] decryptAES: Starting decryption
[2026-01-12T07:56:34.592+01:00 Europe/Madrid] [INFO] decryptAES: Encrypted string length: 960
[2026-01-12T07:56:34.592+01:00 Europe/Madrid] [INFO] decryptAES: Secret type: object
[2026-01-12T07:56:34.592+01:00 Europe/Madrid] [INFO] decryptAES: Secret has words: true
[2026-01-12T07:56:34.592+01:00 Europe/Madrid] [INFO] decryptAES: IV (hex): 2746d9a95e6001f7...
[2026-01-12T07:56:34.592+01:00 Europe/Madrid] [INFO] decryptAES: Key (hex): 455d89e91afc27eb...
[2026-01-12T07:56:34.592+01:00 Europe/Madrid] [INFO] decryptAES: AES.decrypt completed
[2026-01-12T07:56:34.592+01:00 Europe/Madrid] [INFO] decryptAES: Decrypted text length: 705
[2026-01-12T07:56:34.592+01:00 Europe/Madrid] [INFO] decryptAES: Decrypted text (first 50): {"data" :[{"addedDate":1768064363100,"statusIconKe
[2026-01-12T07:56:34.593+01:00 Europe/Madrid] [INFO] decryptAES: JSON parsed successfully
[2026-01-12T07:56:34.688+01:00 Europe/Madrid] [INFO] decryptAES: Starting decryption
[2026-01-12T07:56:34.688+01:00 Europe/Madrid] [INFO] decryptAES: Encrypted string length: 960
[2026-01-12T07:56:34.688+01:00 Europe/Madrid] [INFO] decryptAES: Secret type: object
[2026-01-12T07:56:34.688+01:00 Europe/Madrid] [INFO] decryptAES: Secret has words: true
[2026-01-12T07:56:34.688+01:00 Europe/Madrid] [INFO] decryptAES: IV (hex): 2746d9a95e6001f7...
[2026-01-12T07:56:34.688+01:00 Europe/Madrid] [INFO] decryptAES: Key (hex): 455d89e91afc27eb...
[2026-01-12T07:56:34.689+01:00 Europe/Madrid] [INFO] decryptAES: AES.decrypt completed
[2026-01-12T07:56:34.689+01:00 Europe/Madrid] [INFO] decryptAES: Decrypted text length: 705
[2026-01-12T07:56:34.689+01:00 Europe/Madrid] [INFO] decryptAES: Decrypted text (first 50): {"data" :[{"addedDate":1768064363100,"statusIconKe
[2026-01-12T07:56:34.689+01:00 Europe/Madrid] [INFO] decryptAES: JSON parsed successfully
[2026-01-12T07:56:34.796+01:00 Europe/Madrid] [INFO] decryptAES: Starting decryption
[2026-01-12T07:56:34.796+01:00 Europe/Madrid] [INFO] decryptAES: Encrypted string length: 960
[2026-01-12T07:56:34.797+01:00 Europe/Madrid] [INFO] decryptAES: Secret type: object
[2026-01-12T07:56:34.797+01:00 Europe/Madrid] [INFO] decryptAES: Secret has words: true
[2026-01-12T07:56:34.797+01:00 Europe/Madrid] [INFO] decryptAES: IV (hex): 2746d9a95e6001f7...
[2026-01-12T07:56:34.798+01:00 Europe/Madrid] [INFO] decryptAES: Key (hex): 455d89e91afc27eb...
[2026-01-12T07:56:34.799+01:00 Europe/Madrid] [INFO] decryptAES: AES.decrypt completed
[2026-01-12T07:56:34.800+01:00 Europe/Madrid] [INFO] decryptAES: Decrypted text length: 705
[2026-01-12T07:56:34.800+01:00 Europe/Madrid] [INFO] decryptAES: Decrypted text (first 50): {"data" :[{"addedDate":1768064363100,"statusIconKe
[2026-01-12T07:56:34.801+01:00 Europe/Madrid] [INFO] decryptAES: JSON parsed successfully
[2026-01-12T07:56:34.909+01:00 Europe/Madrid] [INFO] decryptAES: Starting decryption
[2026-01-12T07:56:34.909+01:00 Europe/Madrid] [INFO] decryptAES: Encrypted string length: 960
[2026-01-12T07:56:34.909+01:00 Europe/Madrid] [INFO] decryptAES: Secret type: object
[2026-01-12T07:56:34.909+01:00 Europe/Madrid] [INFO] decryptAES: Secret has words: true
[2026-01-12T07:56:34.909+01:00 Europe/Madrid] [INFO] decryptAES: IV (hex): 2746d9a95e6001f7...
[2026-01-12T07:56:34.909+01:00 Europe/Madrid] [INFO] decryptAES: Key (hex): 455d89e91afc27eb...
[2026-01-12T07:56:34.910+01:00 Europe/Madrid] [INFO] decryptAES: AES.decrypt completed
[2026-01-12T07:56:34.910+01:00 Europe/Madrid] [INFO] decryptAES: Decrypted text length: 705
[2026-01-12T07:56:34.910+01:00 Europe/Madrid] [INFO] decryptAES: Decrypted text (first 50): {"data" :[{"addedDate":1768064363100,"statusIconKe
[2026-01-12T07:56:34.910+01:00 Europe/Madrid] [INFO] decryptAES: JSON parsed successfully
[2026-01-12T07:56:35.019+01:00 Europe/Madrid] [INFO] decryptAES: Starting decryption
[2026-01-12T07:56:35.020+01:00 Europe/Madrid] [INFO] decryptAES: Encrypted string length: 1068
[2026-01-12T07:56:35.020+01:00 Europe/Madrid] [INFO] decryptAES: Secret type: object
[2026-01-12T07:56:35.020+01:00 Europe/Madrid] [INFO] decryptAES: Secret has words: true
[2026-01-12T07:56:35.020+01:00 Europe/Madrid] [INFO] decryptAES: IV (hex): 2746d9a95e6001f7...
[2026-01-12T07:56:35.020+01:00 Europe/Madrid] [INFO] decryptAES: Key (hex): 455d89e91afc27eb...
[2026-01-12T07:56:35.020+01:00 Europe/Madrid] [INFO] decryptAES: AES.decrypt completed
[2026-01-12T07:56:35.020+01:00 Europe/Madrid] [INFO] decryptAES: Decrypted text length: 791
[2026-01-12T07:56:35.020+01:00 Europe/Madrid] [INFO] decryptAES: Decrypted text (first 50): {"data" :[{"extractionStatus":"SUCCESSFUL","addedD
[2026-01-12T07:56:35.020+01:00 Europe/Madrid] [INFO] decryptAES: JSON parsed successfully
[2026-01-12T07:56:35.021+01:00 Europe/Madrid] [INFO] Total links found: 29
[2026-01-12T07:56:43.743+01:00 Europe/Madrid] [INFO] Iniciando autenticación...
[2026-01-12T07:56:43.743+01:00 Europe/Madrid] [INFO] Email: malevolent@zoho.com
[2026-01-12T07:56:43.743+01:00 Europe/Madrid] [INFO] loginSecret (hex): a904e03eb81111f5...
[2026-01-12T07:56:43.744+01:00 Europe/Madrid] [INFO] loginSecret words count: 8
[2026-01-12T07:56:43.744+01:00 Europe/Madrid] [INFO] firstHalf words: 4
[2026-01-12T07:56:43.744+01:00 Europe/Madrid] [INFO] secondHalf words: 4
[2026-01-12T07:56:43.744+01:00 Europe/Madrid] [INFO] Query: /my/connect?appkey=myjd_webextension_firefox&email=malevolent%40zoho.com&rid=0
[2026-01-12T07:56:43.744+01:00 Europe/Madrid] [INFO] Signature: 5814102a112d9a59...
[2026-01-12T07:56:43.744+01:00 Europe/Madrid] [INFO] Full URL: https://api.jdownloader.org/my/connect?appkey=myjd_webextension_firefox&email=malevolent%40zoho.com&rid=0&signature=5814102a112d9a596ee65b9208e31864b74aba7a252397cf0e30caad8cf62a0f
[2026-01-12T07:56:43.744+01:00 Europe/Madrid] [INFO] Conectando a MyJDownloader...
[2026-01-12T07:56:43.859+01:00 Europe/Madrid] [INFO] Response status: 200
[2026-01-12T07:56:43.859+01:00 Europe/Madrid] [INFO] Response headers {
  "access-control-allow-origin": "*",
  "connection": "keep-alive",
  "content-type": "application/aesjson-server; charset=utf-8",
  "date": "Mon, 12 Jan 2026 06:56:38 GMT",
  "server": "AppWork GmbH NIO-Engine",
  "transfer-encoding": "chunked",
  "x-upstreamaddr": "127.0.0.1:10209",
  "x-upstreamctime": "0.000",
  "x-upstreamhtime": "0.001"
}
[2026-01-12T07:56:43.859+01:00 Europe/Madrid] [INFO] Response (encrypted, length): 192
[2026-01-12T07:56:43.859+01:00 Europe/Madrid] [INFO] Response (encrypted, first 50): d4a7HZuQ01s2PQJlUK4hoDiXH2CXtNlsXrJ9+9mk6bzmMpW/EP...
[2026-01-12T07:56:43.859+01:00 Europe/Madrid] [INFO] Attempting to decrypt response...
[2026-01-12T07:56:43.859+01:00 Europe/Madrid] [INFO] decryptAES: Starting decryption
[2026-01-12T07:56:43.859+01:00 Europe/Madrid] [INFO] decryptAES: Encrypted string length: 192
[2026-01-12T07:56:43.860+01:00 Europe/Madrid] [INFO] decryptAES: Secret type: object
[2026-01-12T07:56:43.860+01:00 Europe/Madrid] [INFO] decryptAES: Secret has words: true
[2026-01-12T07:56:43.860+01:00 Europe/Madrid] [INFO] decryptAES: IV (hex): a904e03eb81111f5...
[2026-01-12T07:56:43.860+01:00 Europe/Madrid] [INFO] decryptAES: Key (hex): e20cd71096bec79c...
[2026-01-12T07:56:43.860+01:00 Europe/Madrid] [INFO] decryptAES: AES.decrypt completed
[2026-01-12T07:56:43.860+01:00 Europe/Madrid] [INFO] decryptAES: Decrypted text length: 140
[2026-01-12T07:56:43.860+01:00 Europe/Madrid] [INFO] decryptAES: Decrypted text (first 50): {
  "sessiontoken" : "7f2baeeb07332ca1d2631bdf8f31
[2026-01-12T07:56:43.860+01:00 Europe/Madrid] [INFO] decryptAES: JSON parsed successfully
[2026-01-12T07:56:43.860+01:00 Europe/Madrid] [INFO] Decryption successful!
[2026-01-12T07:56:43.860+01:00 Europe/Madrid] [INFO] Connect data keys: sessiontoken, regaintoken, rid
[2026-01-12T07:56:43.861+01:00 Europe/Madrid] [INFO] Sesión establecida, obteniendo dispositivos...
[2026-01-12T07:56:43.977+01:00 Europe/Madrid] [INFO] decryptAES: Starting decryption
[2026-01-12T07:56:43.977+01:00 Europe/Madrid] [INFO] decryptAES: Encrypted string length: 216
[2026-01-12T07:56:43.977+01:00 Europe/Madrid] [INFO] decryptAES: Secret type: object
[2026-01-12T07:56:43.977+01:00 Europe/Madrid] [INFO] decryptAES: Secret has words: true
[2026-01-12T07:56:43.977+01:00 Europe/Madrid] [INFO] decryptAES: IV (hex): 8e01a819eda14669...
[2026-01-12T07:56:43.978+01:00 Europe/Madrid] [INFO] decryptAES: Key (hex): 3e091a513d70f6b8...
[2026-01-12T07:56:43.978+01:00 Europe/Madrid] [INFO] decryptAES: AES.decrypt completed
[2026-01-12T07:56:43.978+01:00 Europe/Madrid] [INFO] decryptAES: Decrypted text length: 151
[2026-01-12T07:56:43.978+01:00 Europe/Madrid] [INFO] decryptAES: Decrypted text (first 50): {
  "list" : [ {
    "id" : "52d889ac1fa3f0e7b37ce
[2026-01-12T07:56:43.978+01:00 Europe/Madrid] [INFO] decryptAES: JSON parsed successfully
[2026-01-12T07:56:43.978+01:00 Europe/Madrid] [INFO] Dispositivos encontrados: samael
[2026-01-12T07:56:43.978+01:00 Europe/Madrid] [INFO] Autenticación exitosa con dispositivo: Samael (52d889ac1fa3f0e7b37ce2e1dbd86650)
[2026-01-12T07:56:43.978+01:00 Europe/Madrid] [INFO] Getting downloads from LinkGrabber and DownloadController...
[2026-01-12T07:56:43.978+01:00 Europe/Madrid] [INFO] [MyJD] Querying /linkgrabberv2/queryPackages...
[2026-01-12T07:56:43.979+01:00 Europe/Madrid] [INFO] [MyJD] Querying /downloadsV2/queryPackages...
[2026-01-12T07:56:44.085+01:00 Europe/Madrid] [INFO] decryptAES: Starting decryption
[2026-01-12T07:56:44.085+01:00 Europe/Madrid] [INFO] decryptAES: Encrypted string length: 64
[2026-01-12T07:56:44.085+01:00 Europe/Madrid] [INFO] decryptAES: Secret type: object
[2026-01-12T07:56:44.085+01:00 Europe/Madrid] [INFO] decryptAES: Secret has words: true
[2026-01-12T07:56:44.085+01:00 Europe/Madrid] [INFO] decryptAES: IV (hex): 9f27c294dfb54678...
[2026-01-12T07:56:44.085+01:00 Europe/Madrid] [INFO] decryptAES: Key (hex): c0dc16c4c8f69367...
[2026-01-12T07:56:44.085+01:00 Europe/Madrid] [INFO] decryptAES: AES.decrypt completed
[2026-01-12T07:56:44.086+01:00 Europe/Madrid] [INFO] decryptAES: Decrypted text length: 32
[2026-01-12T07:56:44.086+01:00 Europe/Madrid] [INFO] decryptAES: Decrypted text (first 50): {"data" :[],"rid":1768201003978}
[2026-01-12T07:56:44.086+01:00 Europe/Madrid] [INFO] decryptAES: JSON parsed successfully
[2026-01-12T07:56:44.086+01:00 Europe/Madrid] [INFO] [MyJD] Found 0 packages in /linkgrabberv2/queryPackages
[2026-01-12T07:56:44.157+01:00 Europe/Madrid] [INFO] decryptAES: Starting decryption
[2026-01-12T07:56:44.157+01:00 Europe/Madrid] [INFO] decryptAES: Encrypted string length: 1280
[2026-01-12T07:56:44.157+01:00 Europe/Madrid] [INFO] decryptAES: Secret type: object
[2026-01-12T07:56:44.157+01:00 Europe/Madrid] [INFO] decryptAES: Secret has words: true
[2026-01-12T07:56:44.158+01:00 Europe/Madrid] [INFO] decryptAES: IV (hex): 9f27c294dfb54678...
[2026-01-12T07:56:44.158+01:00 Europe/Madrid] [INFO] decryptAES: Key (hex): c0dc16c4c8f69367...
[2026-01-12T07:56:44.158+01:00 Europe/Madrid] [INFO] decryptAES: AES.decrypt completed
[2026-01-12T07:56:44.158+01:00 Europe/Madrid] [INFO] decryptAES: Decrypted text length: 953
[2026-01-12T07:56:44.158+01:00 Europe/Madrid] [INFO] decryptAES: Decrypted text (first 50): {"data" :[{"saveTo":"/output/Breaking bad x265 216
[2026-01-12T07:56:44.158+01:00 Europe/Madrid] [INFO] decryptAES: JSON parsed successfully
[2026-01-12T07:56:44.158+01:00 Europe/Madrid] [INFO] [MyJD] Found 7 packages in /downloadsV2/queryPackages
[2026-01-12T07:56:44.158+01:00 Europe/Madrid] [INFO] Found 0 LinkGrabber packages and 7 Download packages
[2026-01-12T07:56:44.376+01:00 Europe/Madrid] [INFO] decryptAES: Starting decryption
[2026-01-12T07:56:44.376+01:00 Europe/Madrid] [INFO] decryptAES: Encrypted string length: 5888
[2026-01-12T07:56:44.377+01:00 Europe/Madrid] [INFO] decryptAES: Secret type: object
[2026-01-12T07:56:44.377+01:00 Europe/Madrid] [INFO] decryptAES: Secret has words: true
[2026-01-12T07:56:44.377+01:00 Europe/Madrid] [INFO] decryptAES: IV (hex): 9f27c294dfb54678...
[2026-01-12T07:56:44.377+01:00 Europe/Madrid] [INFO] decryptAES: Key (hex): c0dc16c4c8f69367...
[2026-01-12T07:56:44.377+01:00 Europe/Madrid] [INFO] decryptAES: AES.decrypt completed
[2026-01-12T07:56:44.378+01:00 Europe/Madrid] [INFO] decryptAES: Decrypted text length: 4409
[2026-01-12T07:56:44.378+01:00 Europe/Madrid] [INFO] decryptAES: Decrypted text (first 50): {"data" :[{"addedDate":1768064363100,"statusIconKe
[2026-01-12T07:56:44.378+01:00 Europe/Madrid] [INFO] decryptAES: JSON parsed successfully
[2026-01-12T07:56:44.479+01:00 Europe/Madrid] [INFO] decryptAES: Starting decryption
[2026-01-12T07:56:44.479+01:00 Europe/Madrid] [INFO] decryptAES: Encrypted string length: 1900
[2026-01-12T07:56:44.479+01:00 Europe/Madrid] [INFO] decryptAES: Secret type: object
[2026-01-12T07:56:44.479+01:00 Europe/Madrid] [INFO] decryptAES: Secret has words: true
[2026-01-12T07:56:44.479+01:00 Europe/Madrid] [INFO] decryptAES: IV (hex): 9f27c294dfb54678...
[2026-01-12T07:56:44.479+01:00 Europe/Madrid] [INFO] decryptAES: Key (hex): c0dc16c4c8f69367...
[2026-01-12T07:56:44.479+01:00 Europe/Madrid] [INFO] decryptAES: AES.decrypt completed
[2026-01-12T07:56:44.479+01:00 Europe/Madrid] [INFO] decryptAES: Decrypted text length: 1409
[2026-01-12T07:56:44.479+01:00 Europe/Madrid] [INFO] decryptAES: Decrypted text (first 50): {"data" :[{"addedDate":1768064363100,"statusIconKe
[2026-01-12T07:56:44.480+01:00 Europe/Madrid] [INFO] decryptAES: JSON parsed successfully
[2026-01-12T07:56:44.594+01:00 Europe/Madrid] [INFO] decryptAES: Starting decryption
[2026-01-12T07:56:44.595+01:00 Europe/Madrid] [INFO] decryptAES: Encrypted string length: 960
[2026-01-12T07:56:44.595+01:00 Europe/Madrid] [INFO] decryptAES: Secret type: object
[2026-01-12T07:56:44.595+01:00 Europe/Madrid] [INFO] decryptAES: Secret has words: true
[2026-01-12T07:56:44.595+01:00 Europe/Madrid] [INFO] decryptAES: IV (hex): 9f27c294dfb54678...
[2026-01-12T07:56:44.595+01:00 Europe/Madrid] [INFO] decryptAES: Key (hex): c0dc16c4c8f69367...
[2026-01-12T07:56:44.595+01:00 Europe/Madrid] [INFO] decryptAES: AES.decrypt completed
[2026-01-12T07:56:44.595+01:00 Europe/Madrid] [INFO] decryptAES: Decrypted text length: 705
[2026-01-12T07:56:44.595+01:00 Europe/Madrid] [INFO] decryptAES: Decrypted text (first 50): {"data" :[{"addedDate":1768064363100,"statusIconKe
[2026-01-12T07:56:44.595+01:00 Europe/Madrid] [INFO] decryptAES: JSON parsed successfully
[2026-01-12T07:56:44.710+01:00 Europe/Madrid] [INFO] decryptAES: Starting decryption
[2026-01-12T07:56:44.710+01:00 Europe/Madrid] [INFO] decryptAES: Encrypted string length: 960
[2026-01-12T07:56:44.710+01:00 Europe/Madrid] [INFO] decryptAES: Secret type: object
[2026-01-12T07:56:44.710+01:00 Europe/Madrid] [INFO] decryptAES: Secret has words: true
[2026-01-12T07:56:44.710+01:00 Europe/Madrid] [INFO] decryptAES: IV (hex): 9f27c294dfb54678...
[2026-01-12T07:56:44.710+01:00 Europe/Madrid] [INFO] decryptAES: Key (hex): c0dc16c4c8f69367...
[2026-01-12T07:56:44.711+01:00 Europe/Madrid] [INFO] decryptAES: AES.decrypt completed
[2026-01-12T07:56:44.711+01:00 Europe/Madrid] [INFO] decryptAES: Decrypted text length: 705
[2026-01-12T07:56:44.711+01:00 Europe/Madrid] [INFO] decryptAES: Decrypted text (first 50): {"data" :[{"addedDate":1768064363100,"statusIconKe
[2026-01-12T07:56:44.711+01:00 Europe/Madrid] [INFO] decryptAES: JSON parsed successfully
[2026-01-12T07:56:44.827+01:00 Europe/Madrid] [INFO] decryptAES: Starting decryption
[2026-01-12T07:56:44.827+01:00 Europe/Madrid] [INFO] decryptAES: Encrypted string length: 960
[2026-01-12T07:56:44.827+01:00 Europe/Madrid] [INFO] decryptAES: Secret type: object
[2026-01-12T07:56:44.827+01:00 Europe/Madrid] [INFO] decryptAES: Secret has words: true
[2026-01-12T07:56:44.827+01:00 Europe/Madrid] [INFO] decryptAES: IV (hex): 9f27c294dfb54678...
[2026-01-12T07:56:44.827+01:00 Europe/Madrid] [INFO] decryptAES: Key (hex): c0dc16c4c8f69367...
[2026-01-12T07:56:44.827+01:00 Europe/Madrid] [INFO] decryptAES: AES.decrypt completed
[2026-01-12T07:56:44.828+01:00 Europe/Madrid] [INFO] decryptAES: Decrypted text length: 705
[2026-01-12T07:56:44.828+01:00 Europe/Madrid] [INFO] decryptAES: Decrypted text (first 50): {"data" :[{"addedDate":1768064363100,"statusIconKe
[2026-01-12T07:56:44.828+01:00 Europe/Madrid] [INFO] decryptAES: JSON parsed successfully
[2026-01-12T07:56:44.929+01:00 Europe/Madrid] [INFO] decryptAES: Starting decryption
[2026-01-12T07:56:44.929+01:00 Europe/Madrid] [INFO] decryptAES: Encrypted string length: 960
[2026-01-12T07:56:44.930+01:00 Europe/Madrid] [INFO] decryptAES: Secret type: object
[2026-01-12T07:56:44.930+01:00 Europe/Madrid] [INFO] decryptAES: Secret has words: true
[2026-01-12T07:56:44.930+01:00 Europe/Madrid] [INFO] decryptAES: IV (hex): 9f27c294dfb54678...
[2026-01-12T07:56:44.930+01:00 Europe/Madrid] [INFO] decryptAES: Key (hex): c0dc16c4c8f69367...
[2026-01-12T07:56:44.930+01:00 Europe/Madrid] [INFO] decryptAES: AES.decrypt completed
[2026-01-12T07:56:44.930+01:00 Europe/Madrid] [INFO] decryptAES: Decrypted text length: 705
[2026-01-12T07:56:44.930+01:00 Europe/Madrid] [INFO] decryptAES: Decrypted text (first 50): {"data" :[{"addedDate":1768064363100,"statusIconKe
[2026-01-12T07:56:44.930+01:00 Europe/Madrid] [INFO] decryptAES: JSON parsed successfully
[2026-01-12T07:56:45.046+01:00 Europe/Madrid] [INFO] decryptAES: Starting decryption
[2026-01-12T07:56:45.046+01:00 Europe/Madrid] [INFO] decryptAES: Encrypted string length: 1068
[2026-01-12T07:56:45.046+01:00 Europe/Madrid] [INFO] decryptAES: Secret type: object
[2026-01-12T07:56:45.046+01:00 Europe/Madrid] [INFO] decryptAES: Secret has words: true
[2026-01-12T07:56:45.046+01:00 Europe/Madrid] [INFO] decryptAES: IV (hex): 9f27c294dfb54678...
[2026-01-12T07:56:45.046+01:00 Europe/Madrid] [INFO] decryptAES: Key (hex): c0dc16c4c8f69367...
[2026-01-12T07:56:45.046+01:00 Europe/Madrid] [INFO] decryptAES: AES.decrypt completed
[2026-01-12T07:56:45.046+01:00 Europe/Madrid] [INFO] decryptAES: Decrypted text length: 791
[2026-01-12T07:56:45.046+01:00 Europe/Madrid] [INFO] decryptAES: Decrypted text (first 50): {"data" :[{"extractionStatus":"SUCCESSFUL","addedD
[2026-01-12T07:56:45.047+01:00 Europe/Madrid] [INFO] decryptAES: JSON parsed successfully
[2026-01-12T07:56:45.047+01:00 Europe/Madrid] [INFO] Total links found: 29
[2026-01-12T07:56:50.813+01:00 Europe/Madrid] [INFO] Iniciando autenticación...
[2026-01-12T07:56:50.813+01:00 Europe/Madrid] [INFO] Email: malevolent@zoho.com
[2026-01-12T07:56:50.813+01:00 Europe/Madrid] [INFO] loginSecret (hex): a904e03eb81111f5...
[2026-01-12T07:56:50.814+01:00 Europe/Madrid] [INFO] loginSecret words count: 8
[2026-01-12T07:56:50.814+01:00 Europe/Madrid] [INFO] firstHalf words: 4
[2026-01-12T07:56:50.814+01:00 Europe/Madrid] [INFO] secondHalf words: 4
[2026-01-12T07:56:50.814+01:00 Europe/Madrid] [INFO] Query: /my/connect?appkey=myjd_webextension_firefox&email=malevolent%40zoho.com&rid=0
[2026-01-12T07:56:50.814+01:00 Europe/Madrid] [INFO] Signature: 5814102a112d9a59...
[2026-01-12T07:56:50.814+01:00 Europe/Madrid] [INFO] Full URL: https://api.jdownloader.org/my/connect?appkey=myjd_webextension_firefox&email=malevolent%40zoho.com&rid=0&signature=5814102a112d9a596ee65b9208e31864b74aba7a252397cf0e30caad8cf62a0f
[2026-01-12T07:56:50.814+01:00 Europe/Madrid] [INFO] Conectando a MyJDownloader...
[2026-01-12T07:56:50.932+01:00 Europe/Madrid] [INFO] Response status: 200
[2026-01-12T07:56:50.932+01:00 Europe/Madrid] [INFO] Response headers {
  "access-control-allow-origin": "*",
  "connection": "keep-alive",
  "content-type": "application/aesjson-server; charset=utf-8",
  "date": "Mon, 12 Jan 2026 06:56:45 GMT",
  "server": "AppWork GmbH NIO-Engine",
  "transfer-encoding": "chunked",
  "x-upstreamaddr": "127.0.0.1:10201",
  "x-upstreamctime": "0.000",
  "x-upstreamhtime": "0.001"
}
[2026-01-12T07:56:50.932+01:00 Europe/Madrid] [INFO] Response (encrypted, length): 192
[2026-01-12T07:56:50.933+01:00 Europe/Madrid] [INFO] Response (encrypted, first 50): d4a7HZuQ01s2PQJlUK4hoN7XbX3Eg5iTsjctohAw1VAWpnrKZk...
[2026-01-12T07:56:50.933+01:00 Europe/Madrid] [INFO] Attempting to decrypt response...
[2026-01-12T07:56:50.933+01:00 Europe/Madrid] [INFO] decryptAES: Starting decryption
[2026-01-12T07:56:50.933+01:00 Europe/Madrid] [INFO] decryptAES: Encrypted string length: 192
[2026-01-12T07:56:50.933+01:00 Europe/Madrid] [INFO] decryptAES: Secret type: object
[2026-01-12T07:56:50.933+01:00 Europe/Madrid] [INFO] decryptAES: Secret has words: true
[2026-01-12T07:56:50.933+01:00 Europe/Madrid] [INFO] decryptAES: IV (hex): a904e03eb81111f5...
[2026-01-12T07:56:50.933+01:00 Europe/Madrid] [INFO] decryptAES: Key (hex): e20cd71096bec79c...
[2026-01-12T07:56:50.933+01:00 Europe/Madrid] [INFO] decryptAES: AES.decrypt completed
[2026-01-12T07:56:50.933+01:00 Europe/Madrid] [INFO] decryptAES: Decrypted text length: 140
[2026-01-12T07:56:50.934+01:00 Europe/Madrid] [INFO] decryptAES: Decrypted text (first 50): {
  "sessiontoken" : "89f2836212e3a1f193d1c29da47d
[2026-01-12T07:56:50.934+01:00 Europe/Madrid] [INFO] decryptAES: JSON parsed successfully
[2026-01-12T07:56:50.934+01:00 Europe/Madrid] [INFO] Decryption successful!
[2026-01-12T07:56:50.934+01:00 Europe/Madrid] [INFO] Connect data keys: sessiontoken, regaintoken, rid
[2026-01-12T07:56:50.934+01:00 Europe/Madrid] [INFO] Sesión establecida, obteniendo dispositivos...
[2026-01-12T07:56:51.052+01:00 Europe/Madrid] [INFO] decryptAES: Starting decryption
[2026-01-12T07:56:51.052+01:00 Europe/Madrid] [INFO] decryptAES: Encrypted string length: 216
[2026-01-12T07:56:51.053+01:00 Europe/Madrid] [INFO] decryptAES: Secret type: object
[2026-01-12T07:56:51.053+01:00 Europe/Madrid] [INFO] decryptAES: Secret has words: true
[2026-01-12T07:56:51.053+01:00 Europe/Madrid] [INFO] decryptAES: IV (hex): bde1ca3b824a2281...
[2026-01-12T07:56:51.053+01:00 Europe/Madrid] [INFO] decryptAES: Key (hex): 75167aefd3cb4d7a...
[2026-01-12T07:56:51.053+01:00 Europe/Madrid] [INFO] decryptAES: AES.decrypt completed
[2026-01-12T07:56:51.053+01:00 Europe/Madrid] [INFO] decryptAES: Decrypted text length: 151
[2026-01-12T07:56:51.053+01:00 Europe/Madrid] [INFO] decryptAES: Decrypted text (first 50): {
  "list" : [ {
    "id" : "52d889ac1fa3f0e7b37ce
[2026-01-12T07:56:51.054+01:00 Europe/Madrid] [INFO] decryptAES: JSON parsed successfully
[2026-01-12T07:56:51.054+01:00 Europe/Madrid] [INFO] Dispositivos encontrados: samael
[2026-01-12T07:56:51.054+01:00 Europe/Madrid] [INFO] Autenticación exitosa con dispositivo: Samael (52d889ac1fa3f0e7b37ce2e1dbd86650)
[2026-01-12T07:56:51.054+01:00 Europe/Madrid] [INFO] Getting downloads from LinkGrabber and DownloadController...
[2026-01-12T07:56:51.054+01:00 Europe/Madrid] [INFO] [MyJD] Querying /linkgrabberv2/queryPackages...
[2026-01-12T07:56:51.055+01:00 Europe/Madrid] [INFO] [MyJD] Querying /downloadsV2/queryPackages...
